UZqmqHN6Zsg	Nora Bumbiere un Viktors Lapčenoks	Mēmā dziesma		1976	283	vintage	5	10				X													
0W1tCqKKRgc	M. Vilcāne, O. Grinbergs, N. Bumbiere	Teic, kur zeme tā		1971	181	vintage	5	10				X													
P_P4H84g7WY	Menuets	Zilais karbunkuls		1971	203	vintage	5	10				X													
hej8hnHtnrY	Jānis Paukštello	Cielaviņa		1978	207	vintage	5	10				X													
Kk3Kj78DRrs	Menuets	Vakara dziesma (Cauri pilsētai)		1972	181	vintage	5	10				X													
ci8_w-3yfT4	Ēriks Kamarūts	Vēju muzikants		1973	267	vintage	5	10				X													
5E8VyfKWvlQ	Viktors Lapčenoks	Kurzeme		1974	195	vintage	5	10				X													
8F47rDV_-0Y	Nora Bumbiere	Ķiršu lietus		1974	216	vintage	5	10				X													
SgQfdLFfP5A	Menuets	Dziesmiņa par daillempteri		1975	182	vintage	5	10				X													
UeBEmtXie_U	Nora Bumbiere	Par pēdējo lapu		1976	192	vintage	5	10				X													
y-YC2Jfvg58	Ingus Pētersons	Parunā ar mani		1977	222	vintage	5	10				X													
W3FbSbYdNjI	Mirdza Zīvere	Tai pilsētā		1978	172	vintage	5	10				X													
d5jf3uJZQKI	Mirdza Zīvere	Es aiziet nevaru		1979	215	vintage	5	10				X													
1ehkmfOiejY	Viktors Lapčenoks	Sanāciet, sadziediet		1977	140	vintage	5	10				X													
2iXFqKnuN0U	V. Lapčenoks un N. Bumbiere	Savāda vasara		1972	156	vintage	5	10				X													
F5UfWoLbRwE	Uldis Dumpis	Lilioma dziesma		1971	188	vintage	5	10				X													
0n4casCkoFs	Menuets	Alvas zaldātiņi		1972	161	vintage	5	10				X													
BA356zj3nCw	Menuets	Dziesma par pazaudēto laiku		1974	282	vintage	5	10				X													
kD5jBwzW0Ss	Aija Kukule un Līga Kreicberga	Dāvāja Māriņa		1979	320	vintage	5	10				X													
E-N0lDTFGWo	Credo	Nāc pie puikām!		1979	125	vintage	5	10				X													
kXOQInleT20	Adrians Kukuvass / Menuets	Kā caur pelniem		1979	209	vintage	5	10				X													
l20fbHnjfsg	Nora Bumbiere	Vēl nav par vēlu		1975	186	vintage	5	10				X													
IAchRAkVkmU	Viktors Lapčenoks	Puķu nakts		1975	204	vintage	5	10				X													
gyCyYQUgjW8	N. Bumbiere un V. Lapčenoks	Laternu stundā		1976	167	vintage	5	10				X													
GYy4P7WB5eM	Mirdza Zīvere	Rudens ogle		1976	206	vintage	5	10				X													
j3RMroeCYVw	Andrejs Lihtenbergs	Zvani		1973	141	vintage	5	10				X													
XeRKaas95Hg	O. Grinbergs un M. Vilcāne	Somu pirts		1972	150	vintage	5	10				X													
Yh2mlqf1Naw	Jānis Paukštello	Gaujai		1973	191	vintage	5	10				X													
qtKZoFgiS_E	Viktors Lapčenoks	Atmiņu lietus		1975	239	vintage	5	10				X													
bJeoIRDGwEA	N. Bumbiere un V. Lapčenoks	Ūdensnesējs		1971	215	vintage	5	10				X													
uMnhcgpVQvc	Menuets	Dziesma, ar ko tu sāksies		1979	277	vintage	5	10				X													
DbxY3BH9LeY	Viktors Lapčenoks	Zied ievas Siguldā		1974	226	vintage	5	10				X													
OVxpa_x1sqc	Viktors Lapčenoks	Pusnakts balāde		1977	276	vintage	5	10				X													
DQeXSfKPRHY	O. Grinbergs un M. Vilcāne	Cāļus skaita rudenī		1973	144	vintage	5	10				X													
h_coEzGZ5X4	Viktors Lapčenoks	Vecā jūrnieka stāsts		1972	146	vintage	5	10				X													
M5T1SqduECA	Nora Bumbiere	Undīne		1974	160	vintage	5	10				X													
Ll_lAsRBFq4	2xBBM	Skeirī		1971	334	vintage	5	10				X													
ok384a4HvcQ	Margarita Vilcāne	Kūku Marija		1975	230	vintage	5	10				X													
Y7TuNdqvVrM	Ārija Elksne (M.Zīvere)	Vienīgais		1978	44	vintage	5	10				X													
1WNnhtHtFmk	N. Bumbiere un V. Lapčenoks	Viss nāk un aiziet tālumā		1976	214	vintage	5	10				X													
PxFQv61oHmw	Menuets	Viņi dejoja vienu vasaru		1976	223	vintage	5	10				X													
rFRaM-2PP5w	Nora Bumbiere	Dūdieviņš (agrā versija)		1972	172	vintage	5	10				X													
ldoajQuM8XU	V. Lapčenoks	Zēns ar ģitāru		1971	102	vintage	5	10				X													
U-P5GiXckMQ	2xBBM (Imants Kalniņš)	Lapsenes nāve		1971	466	vintage	5	10				X													
fLhjEq0Tavs	Ojārs Grinbergs	Hallo, Rostoka!		1976	163	vintage	5	10				X													
O67173ucKJ4	Aija Kukule	Nakts dziesma		1978	174	vintage	5	10				X													
8VUJicaFjns	Margarita Vilcāne	Tāls Parīzes radio		1978	254	vintage	5	10				X													
GyuIT7ZkK64	Mirdza Zīvere	Dzeltenie aizkari		1979	267	vintage	5	10				X													
NNFQ1ovb-y0	O. Grinbergs / V. Lapčenoks	Mirdzošais gliemežvāks		1971	190	vintage	5	10				X													
16xMaeYXc4o	Nora Bumbiere	Lūgums		1974	188	vintage	5	10				X													
0nZyXTukjVk	Aija Kukule	Vēju stunda		1978	177	vintage	5	10				X													
Sb_EXnjNo5s	Zigmars Liepiņš / M. Zīvere	Salds it kā medus		1978	194	vintage	5	10				X													
wKz0dOgQm0Q	Viktors Lapčenoks	Jelgavai		1979	482	vintage	5	10				X													
BA_Ud57rIOQ	M. Vilcāne	Ances romance		1970	188	vintage	5	10				X													
-_uJ3NtNFQM	N. Bumbiere un V. Lapčenoks	Kā sniegi kalnu galotnēs		1977	272	vintage	5	10				X													
dFXBstdcHEI	Mirdza Zīvere	Priekšnojauta		1977	226	vintage	5	10				X													
_mrsg05aL1s	Edgars Liepiņš	Sapņu pīpe		1979	180	vintage	5	10				X													
L_dsYTxvSdI	Margarita Vilcāne	Tā diena		1970	217	vintage	5	10				X													
Kpw5uNnlEOM	N. Bumbiere un V. Lapčenoks	Grieze		1973	112	vintage	5	10				X													
LsgO5OTUsRU	Viktors Lapčenoks	Raganu nakts		1974	186	vintage	5	10				X													
ZnUQabB6wdY	Nora Bumbiere	Lakstīgala		1977	211	vintage	5	10				X													
0uv7LnhO8OU	Ingus Pētersons	Par nesatikšanos		1979	223	vintage	5	10				X													
qcAVbTjbszY	Viktors Lapčenoks	Inese		1976	225	vintage	5	10				X													
hO9trub1c7g	Ojārs Grinbergs	Kaktuss		1972	262	vintage	5	10				X													
TAl84FZzx00	Liepājas brāļi / Imants Kalniņš	Pilsēta, kurā piedzimst vējš		1973	296	vintage	5	10				X													
-M0bwtHwy9g	N. Bumbiere un V. Lapčenoks	Zemeņu lauks		1974	44	vintage	5	10				X													
8_Vafvt_Pb4	Andrejs Lihtenbergs	Pērļu zvejnieks		1970	147	vintage	5	10				X													
lnuyeLdymmw	N. Bumbiere un V. Lapčenoks	Manai dzimtenei		1972	272	vintage	5	10				X													
JdORCLLIr0k	Viktors Lapčenoks	Dziesma par sevi		1977	439	vintage	5	10				X													
qvC2f6tfAD8	V. Lapčenoks un N. Bumbiere	Pusnakts stundā		1978	231	vintage	5	10				X													
NH6tfV490Zo	Ojārs Grinbergs	Melnā aronija		1974	170	vintage	5	10				X													
dAfEQnwjlqc	Uldis Stabulnieks	Zem apgāztā mēness		1975	4971	vintage	5	10				X													
vCQUv0Po8tg	V. Lapčenoks	Dziesma nenosalst		1975	220	vintage	5	10				X													
xMQ87Mp9Uvc	Andrejs Lihtenbergs	Tu neskumsti		1977	115	vintage	5	10				X													
Hrh2bfG-fio	Nora Bumbiere	Vardīte		1972	193	vintage	5	10				X													
H9Crl-b-AiQ	Mirdza Zīvere	Māsa kerija		1979	206	vintage	5	10				X													
nAZfVHUjbnQ	Mirdza Zīvere	Kerijas dziesma		1979	208	vintage	5	10				X													
wwB2__BirlI	Dzeguzīte	Vectētiņš un vecmāmiņa		1979	194	vintage	5	10				X													
OHQcW6pnKOQ	Imants Skrastiņš	Tāpēc jau, ka nevar zināt		1979	289	vintage	5	10				X													
whEHI8IvPyA	Aktieru ansamblis	Spēļu nakts Duntes krogā		1974	613	vintage	5	10				X													
Br0uOMakbps	Margarita Vilcāne	Kamēr vēl		1977	182	vintage	5	10				X													
K9nOoyw-euA	N. Bumbiere	Atvadas vasarai		1975	165	vintage	5	10				X													
VmDHe_kkE_s	Gunārs Placēns	Sikspārņa Fledermuša šūpuļdziesma		1978	118	vintage	5	10				X													
Vpf_cb9nplE	Ojārs Grinbergs	Tāls un bargs		1973	245	vintage	5	10				X													
jToq68sA1U4	N. Bumbiere un V. Lapčenoks	Lielais loms		1972	224	vintage	5	10				X													
-bIHuDhWDCY	Mirdza Zīvere	Pasaulē ir tādas krāsas		1979	252	vintage	5	10				X													
CVGRkUnqky4	Sandra Ozolīte	Mazā princese		1979	276	vintage	5	10				X													
kwbEw0HcLB0	Aija Kukule	Tava balss		1979	135	vintage	5	10				X													
6OXmg6DhMAo	REO vīru vokālais ansamblis	Liepas satumst		1971	185	vintage	5	10				X													
qBCggC1G8qw	Menuets	Skumja dziesma par Mocartu		1978	152	vintage	5	10				X													
TSAqqh9ZF04	Margarita Vilcāne	Silta sirds		1974	232	vintage	5	10				X													
eYN4GgWj1hQ	Līvi	Dzimtā valoda		1986	255	vintage	5	10				X													
BZM5g8kxTCY	Jumprava	Ziemeļmeita		1988	259	vintage	5	10				X													
LJE9kZ1ELgw	Mārtiņš Brauns / Dzeguzīte	Pie Dieviņa gari galdi		1988	364	vintage	5	10				X													
Uu5wr6DeasY	Mirdza Zīvere / Imants Vanzovičs	Zibsnī zvaigznes aiz Daugavas		1985	203	vintage	5	10				X													
loTxIZssCxk	Credo	Meitene ar kallu ziediem		1981	213	vintage	5	10				X													
EkgYa_UAFAY	Mirdza Zīvere	Lūgums		1984	292	vintage	5	10				X													
HZhviu25Dqs	Remix / Igo	Pie laika		1988	269	vintage	5	10				X													
c5YK8UrXW7c	Pērkons	Balāde par gulbi		1983	393	vintage	5	10				X													
xN_HJ08RFV0	Eolika	Pasaule, pasaulīt		1985	205	vintage	5	10				X													
lJdQ9NQ0dlo	Līvi	Dzelzsgriezējs		1987	299	vintage	5	10				X													
vmRgiq-diaI	Opus Pro	Brīvību Baltijai		1989	267	vintage	5	10				X													
oqj7raNt2l4	Pērkons	Gandrīz tautasdziesma		1987	278	vintage	5	10				X													
LlfOSauog8g	Liepājas brāļi	Tikai tā		1987	275	vintage	5	10				X													
dKv4exGHvqw	Pērkons	Mēs pārtiekam viens no otra		1989	287	vintage	5	10				X													
x17fM63MGuo	Uldis Stabulnieks	Atgriešanās		1981	169	vintage	5	10				X													
F2l9HtPixcc	Zodiaks	Disnejlenda		1986	551	vintage	5	10				X													
8vqyghGOI4w	Olga Rajecka / Turaidas Roze	Svētku diena		1989	180	vintage	5	10				X													
-BEVOQFyTOg	Eolika	Noktirne (Šaurā bezdibenī)		1982	279	vintage	5	10				X													
XTg6nU1OeaQ	Ingus Pētersons	Druvas		1980	221	vintage	5	10				X													
ZH_6uKp-j-o	Čikāgas Piecīši	Mežrozīte		1989	212	vintage	5	10				X													
QRA_ioFusT4	Mārtiņš Brauns / Sīpoli	Daugaviņa		1988	202	vintage	5	10				X													
oEGL1oPWaAw	Remix	Uz krustcelēm		1987	144	vintage	5	10				X													
7psEVhxjteM	Čikāgas Piecīši / Līvi	Senā dziesma (Vējš miltus...)		1989	290	vintage	5	10				X													
At0ADKo4AYA	Zodiaks	Taisnība		1989	295	vintage	5	10				X													
jDZTkNkETLs	Igo / Mailītis / Z. Liepiņš	Atgriešanās (no rokoperas Lāčplēsis)		1988	373	vintage	5	10				X													
KnIt45VIVFM	Līvi	Zīlīte		1982	194	vintage	5	10				X													
Dui9FWlOoLo	Eolika	Zemeņu lauks		1985	201	vintage	5	10				X													
qe5Zx9HeuZ4	Remix	Komunālais blūzs		1987	243	vintage	5	10				X													
vRMdYJBi0Ck	Olga Rajecka / Bāze 7	Kad man vairs nebūs 16		1987	224	vintage	5	10				X													
tWRrampneow	Ieva Akuratere	Tumsša nakte, zaļa zāle		1988	189	vintage	5	10				X													
dgxE29yN5eI	Līvi	Veltījums		1985	774	vintage	5	10				X													
vhiU9J3yeEc	Līvi	Elektriskā zivs		1984	261	vintage	5	10				X													
k3ltBkxV_GY	Mirdza Zīvere / Opus	Tāls Parīzes radio		1984	297	vintage	5	10				X													
Zcl8tNkzW2Q	Odis	Rīts (Šeit ir Latvija)		1989	308	vintage	5	10				X													
7RoKZ31GjY0	Aigars Grāvers / Jumprava	Dūdieviņš		1989	223	vintage	5	10				X													
w_7iixgeNB0	Ingus Pētersons	Kā senā dziesmā		1983	263	vintage	5	10				X													
86NtYMqtKs4	Mirdza Zīvere	Vēl		1983	257	vintage	5	10				X													
HHPy9Lso1vI	Gunārs Kalniņš / Sīpoli	Es karājos tavā bizē		1984	300	vintage	5	10				X													
ltuxjMDi2t8	Pērkons	Zaļā dziesma		1988	256	vintage	5	10				X													
j5GyTOuAIHE	New York (J.Kulakovs)	Pieskāriens		1989	159	vintage	5	10				X													
9ZSBGrQyEQw	Imants Skrastiņš	Vējš un liepa		1984	269	vintage	5	10				X													
CCuri9RhVjA	Credo	Diskžokejs		1982	207	vintage	5	10				X													
oIm2p_OgiY0	Pērkons	Mana dienišķā dziesma		1987	230	vintage	5	10				X													
T6so1kZ34TI	Jumprava	Prom no pilsētas		1987	231	vintage	5	10				X													
SHoorM9F_Vo	Credo	Smaidiet un dalieties		1980	240	vintage	5	10				X													
fy4nAycqZMw	Opus Pro	Rozā brille		1988	294	vintage	5	10				X													
PBXoYVuIZiA	Līvi	Laika dziesmiņa		1983	228	vintage	5	10				X													
D2b8LG1GSzY	Cikādes	Dziesma par rozīti		1982	166	vintage	5	10				X													
DvbCZWUnSkE	Jumprava	Nakts		1986	218	vintage	5	10				X													
wnQ267kghRc	Eolika	Lielais, mazais		1985	165	vintage	5	10				X													
ONIrBi85uwc	Pērkons	Lapsene		1983	54	vintage	5	10				X													
dWQGz02d6Vk	Remix	Tavs sauciens (Bēdu manu lielu bēdu)		1986	241	vintage	5	10				X													
RFYrZCnX31A	Līvi	Aprīļa pilieni		1984	224	vintage	5	10				X													
k6JbCeX4yek	Jumprava	Mākonis		1986	247	vintage	5	10				X													
6OHd3_K2_l4	Žoržs Siksna	Genoveva		1985	250	vintage	5	10				X													
kYEjCCK3QkE	Žoržs Siksna	Muļķe sirds		1983	235	vintage	5	10				X													
FAI4nL3XnvQ	Līvi	Atkal sāpe		1984	2707	vintage	5	10				X													
Ws0mCyv15kA	Līvi	Ozolam		1989	332	vintage	5	10				X													
GpKZMQBsIyo	Zodiaks	Ceļavējš		1989	264	vintage	5	10				X													
LfVgHi1GzwA	Kopkoris	Fināla dziesma (No Lāčplēša)		1988	290	vintage	5	10				X													
ICR_YJiY4PA	Opus Pro	Šūpuļdziesma (mātei)		1987	208	vintage	5	10				X													
c-3alcyHwG0	Remix	Meitenei kafejnīcā		1986	279	vintage	5	10				X													
I0WULm0ipjM	Mirdza Zīvere	Tava izredzētā		1982	165	vintage	5	10				X													
RiwytLqhDyw	Eolika	Kūko, kūko dzeguzīte		1984	233	vintage	5	10				X													
m-ZG2YzrLUg	Eolika	Ugunskurs		1987	305	vintage	5	10				X													
nNkgL93t0kU	Turaidas Roze	Likteņlīnijas		1987	306	vintage	5	10				X													
D3PV5uJgzaw	Turaidas Roze	Nelaid, māte, bērnus mežā		1986	274	vintage	5	10				X													
nhrryd_yNcQ	Viktors Lapčenoks	Es neesmu neprātīgs		1980	233	vintage	5	10				X													
Tyi-ZHz6hJY	Opus	Mājupceļš		1986	257	vintage	5	10				X													
1s26Cw0G74g	Turaidas Roze	Vēstule (Sēžu pie ratiņa)		1986	284	vintage	5	10				X													
3BTsrLLQtQA	Jumprava	Puiši, puiši		1989	138	vintage	5	10				X													
RjdfG1t6h-w	Dzeltenie Pastnieki	Rīgas modes		1982	234	vintage	5	10				X													
SuLxMDgGS4I	Dzeltenie Pastnieki	Milžu cīņa		1984	302	vintage	5	10				X													
Uu9WPdYu6Mo	Remix	Man vienalga		1988	386	vintage	5	10				X													
ktztsPzrCy8	Zodiaks (Maija Lūsēna)	Piedod man		1989	234	vintage	5	10				X													
RMB5YC2mgVA	Jumprava	Soli pa solim		1988	223	vintage	5	10				X													
PnfwOte1V7s	Igo	Tēvu zeme		1988	242	vintage	5	10				X													
IoZtocq-Wgc	Credo (versija)	Kerijas dziesma		1981	807	vintage	5	10				X													
eZLgGbGByV8	Viktors Lapčenoks	Es mīlu tevi tā...		1981	204	vintage	5	10				X													
WO0ByoDCnxQ	Uldis Stabulnieks	Lidotāja sapnis		1985	141	vintage	5	10				X													
iNjU-yAXi6M	Aija Kukule	Jūras balss		1982	214	vintage	5	10				X													
pcwjK9MMikI	Uldis Marhilevičs / Remix	Viens un tas pats		1987	408	vintage	5	10				X													
S6xJvYJQjMw	Igo	Nevajag mierināt		1984	254	vintage	5	10				X													
rXciI9Fnln8	Eolika (disko versija)	Dziesma par pazaudēto laiku		1982	265	vintage	5	10				X													
5KNGmtkaVDM	Turaidas Roze	Apvij rokas		1985	277	vintage	5	10				X													
uMq7hT2kVY4	Pērkons	Kāpēc man dziedāt svešu dziesmu		1989	265	vintage	5	10				X													
d_2dcMURZyw	Ieva Akuratere / Pērkons	Straume		1988	262	vintage	5	10				X													
25zx1oMo2Qg	Zodiaks	Vēstule		1988	346	vintage	5	10				X													
y-xXCNwE4gA	Remix	Svētuguns		1989	201	vintage	5	10				X													
HY5jQQdZGmY	6. jūdze (tolaik Klaidonis)	Princesīte		1988	176	vintage	5	10				X													
jWe8rd5YoHQ	Credo	Kad Saule riet		1980	264	vintage	5	10				X													
4qPD51FQS78	Līvi	Dziedi jel		1985	182	vintage	5	10				X													
kdnwYuUGn8I	Jauns Mēness (pirmsākumi)	Pavasaris		1989	201	vintage	5	10				X													
boWj23pOJC0	Zodiaks	Veltījums LTV		1987	243	vintage	5	10				X													
vpobuRul0Cw	Varavīksne	Vajag smērēt		1986	233	vintage	5	10				X													
1d5k3H5eTQI	Čikāgas Piecīši	Labu vakar, Latvija		1989	97	vintage	5	10				X													
x6lwT_sFC68	Remix	Klusā daba		1986	236	vintage	5	10				X													
Mn0cGjp0dTY	Turaidas Roze	Manā sirdī		1988	243	vintage	5	10				X													
YP_Xszj36Ww	Prāta Vētra	Lidmašīnas		1996	283	vcr	5	10						X											
ZGQXS091_Xw	Jauns Mēness	Piekūns skrien debesīs		1991	301	vcr	5	10						X											
ICHXg_imSHY	Labvēlīgais Tips	Alumīnija cūka		1995	246	vcr	5	10						X											
LHmCK_Dagjw	Linga	Nāc man līdz		1992	260	vcr	5	10						X											
iqi-d9r-xvU	Prāta Vētra	Tavas mājas manā azotē		1996	280	vcr	5	10						X											
Lxm0nfOxyZo	Bet Bet	Vakara vējā		1997	381	vcr	5	10						X											
cr_2mHkmxYk	100. Debija	Man patīk		1998	229	vcr	5	10						X											
xcfl1opuml4	Ainars Mielavs	Kādā brīnišķā dienā		1999	272	vcr	5	10						X											
lKzhPWi44EM	Jauns Mēness	Ai, jel manu vieglu prātu		1997	223	vcr	5	10						X											
t28tgZCS7es	The Hobos	Christian (I'm Gonna Be Daddy)		1999	168	vcr	5	10						X											
ajE_d4c7NpY	Apvedceļš	Zemenes		1999	225	vcr	5	10						X											
7zhwi7DDyWA	Prāta Vētra	Pusnakts stundā		1998	212	vcr	5	10						X											
_Q5P4W0mBP0	Labvēlīgais Tips	Omnibuss		1997	227	vcr	5	10						X											
Qc4G8GZ7PLE	100. Debija	Divatā		1995	229	vcr	5	10						X											
Wqs4EyCHrmU	Jauns Mēness	Kad mēness jūrā krīt		1993	276	vcr	5	10						X											
DxD1iN-ENyQ	Jumprava	Baltā dziesma		1991	283	vcr	5	10						X											
vjkHd77I_n0	Tranzīts	Nevaru būt balts		1996	254	vcr	5	10						X											
punW4Z_oSF8	Betsafe / Linga	Es neesmu Džeina Fonda		1992	192	vcr	5	10						X											
dRKhXgFHmHw	Jumprava	Pēdējais tramvajs		1998	265	vcr	5	10						X											
dABT8OkeOYI	Bet Bet	Pieklauvē		1997	233	vcr	5	10						X											
NkNmrZvQc_s	Labvēlīgais Tips	Čiekurs egles dēls		1996	322	vcr	5	10						X											
XMoFQO71Kfw	Prāta Vētra	Lecam pa vecam		1999	322	vcr	5	10						X											
viv4w1osUEY	Linga	Krodziņš		1991	207	vcr	5	10						X											
b__u0LglS1Y	Pienvedēja Piedzīvojumi	Pārdaugava		1997	338	vcr	5	10						X											
FDGPHSJxH-U	Pienvedēja Piedzīvojumi	Jelgava		1998	241	vcr	5	10						X											
nclTXipVk-0	Labvēlīgais Tips	Džins ar toniku		1995	262	vcr	5	10						X											
Jy8AwSCAenU	Bet Bet	Diena		1996	239	vcr	5	10						X											
30hjs-zWPZA	Labvēlīgais Tips	Mēs sitīsim tos utainos		1995	224	vcr	5	10						X											
Fs9TdhSDLUQ	Bet Bet	Kāpēc man nav sarkans mersedess		1998	218	vcr	5	10						X											
D9SNERUykzo	Prāta Vētra	Četri krasti		1997	280	vcr	5	10						X											
dkv65PKzE9w	Jauns Mēness	Horizonts		1997	219	vcr	5	10						X											
W68AxlBUDZY	100. Debija	Vēlreiz		1996	274	vcr	5	10						X											
Z6SBRHzLyoY	Tranzīts	Strauts		1997	216	vcr	5	10						X											
awpi2CqseEU	Mixeri	Septiņas dienas		1997	272	vcr	5	10						X											
icD1gWsBWSM	Mixeri	Esi man klāt		1996	208	vcr	5	10						X											
vsDJ3PCpKWs	Līvi	Piedod man		1994	217	vcr	5	10						X											
AKBmcj63X8E	Līvi	Zelta sirds		1997	310	vcr	5	10						X											
0axEwubR7UY	Aigars Grāvers	Tuvāk vēl		1996	268	vcr	5	10						X											
u5p2Vq_ruOc	The Hobos	She Needs		1999	215	vcr	5	10						X											
ZVEtlCu_5gw	Prāta Vētra	Bronza		1997	172	vcr	5	10						X											
JTlM6wfp9q8	Labvēlīgais Tips	Tu man virsū negāzies		1999	262	vcr	5	10						X											
H0EarRWL5AE	Tumsa	Putni		1998	373	vcr	5	10						X											
rTodXN7nRjg	Jānis Stībelis / Shake & Bake	Viens		1999	225	vcr	5	10						X											
eYecJ-tza5o	Jumprava	Peldētājs		1992	277	vcr	5	10						X											
dkSPKloBY8c	Labvēlīgais Tips	Desmitais tramvajs		1998	234	vcr	5	10						X											
mrCFzSv92hc	Prāta Vētra	Ziema		1993	149	vcr	5	10						X											
m4E3CB7j3kU	Linga	Šeit		1993	169	vcr	5	10						X											
HI4qREv867M	Cits Kvartāls / Linga	Manai dzimtenei (Jaunā versija)		1991	240	vcr	5	10						X											
w_4Z0TtzN7c	Tranzīts	Neraudi		1999	203	vcr	5	10						X											
ax1Eal7NqjE	Ainars Mielavs	Esiet sveicināti (Mans nams)		1999	671	vcr	5	10						X											
wwkPuHnCdWg	The Hobos	Walk All Night		1999	204	vcr	5	10						X											
fkGkosp-gIs	Bet Bet	Mazā		1999	194	vcr	5	10						X											
m0BoxG_8I3o	Prāta Vētra	Veronika		1996	200	vcr	5	10						X											
bgL-003DLRo	Pienvedēja Piedzīvojumi	Es tev teicu		1996	161	vcr	5	10						X											
xyEHQlzq1vA	Tumsa	Bērni		1998	113	vcr	5	10						X											
NefSF1r0Fmk	Odis	Kā man laiku apmānīt		1990	278	vcr	5	10				X		X											
fCDNHZ2PWn4	Linga	Signāls		1994	247	vcr	5	10						X											
ZfaBSwnwgXM	Prāta Vētra	Šis ir mans auto		1996	181	vcr	5	10						X											
jRak3ABeboE	Autobuss Debesīs	Upe		1999	360	vcr	5	10						X											
c-1OHI5e9_U	Fact (Ozols u.c.)	Creeping		1998	210	vcr	5	10						X											
bkBj-V7-a6o	Agnese	Tukšums		1998	272	vcr	5	10						X											
6kBU-M9aYCg	Igo	Ūdens		1998	244	vcr	5	10						X											
x2XM7JUt_OI	Igo	Cik savādi		1997	245	vcr	5	10						X											
_9KL4OigAzs	Līvi	Gailis		1994	255	vcr	5	10						X											
EVNVioboYfA	Credo (atgriešanās)	Lietus		1998	248	vcr	5	10						X											
2f44ecMc8LE	Tranzīts	Pietura		1998	23	vcr	5	10						X											
S3h_O87F9qg	A-Eiropa (pirmsākumi)	Es mīlu tevi (nekad nebeigšu)		1999	242	vcr	5	10						X											
uN0WwwEL81I	Arnis Mednis	Es zinu, ka mīlēšu tevi		1998	184	vcr	5	10						X											
W9Ose8Hgo4M	Bet Bet	Mana mīļā meitene		1994	151	vcr	5	10						X											
d9CN11BwoeM	Odis	Hei, mazā!		1990	268	vcr	5	10				X		X											
Iw0zO9eXPig	100. Debija	Mīlestība ir		1995	4369	vcr	5	10						X											
EP03yUVqQeQ	K. Dimiters / L. Pere	Atceries mani		1995	262	vcr	5	10						X											
6iKfZixpZag	Jauns Mēness	Saule lec		1993	178	vcr	5	10						X											
qzDlBAdy-vI	Jauns Mēness	O, kādi zēni		1997	234	vcr	5	10						X											
jZ1CWAiUaMU	Prāta Vētra	Dārznieks		1996	255	vcr	5	10						X											
Wz18g7t3hJE	Tumsa	Paldies tev, draugs		1999	198	vcr	5	10						X											
tVM3IqaJOxs	HMP?	Šonakt		1996	242	vcr	5	10						X											
PHVSKnm5CJ4	Olga Rajecka	Rīts		1992	193	vcr	5	10						X											
EVKcc_6MEcs	Kaimiņi	Es gribu dejot (bugi vugi)		1999	230	vcr	5	10						X											
_v-UVEFxus8	Labvēlīgais Tips	Ar dievu meitenes		1998	154	vcr	5	10						X											
QGnwdo5vyTw	Roberts Gobziņš	Zibsnī zvaigznes (Remix)		1993	233	vcr	5	10						X											
NdqvJRT4u78	Otra Puse	Rītdiena		1996	218	vcr	5	10						X											
RJ7sH2LTwnQ	Gunārs Kalniņš	Mēness		1999	238	vcr	5	10						X											
yJc_dT5zriw	Otra Puse	Nakts vārdi		1992	273	vcr	5	10						X											
SvOTRpd7K_w	Līvi (G. Virkava versija)	Lai būtu tā		1995	208	vcr	5	10						X											
uuYOQJYeYjs	Dakota (agrāk)	Dzeltenie aizkari		1996	292	vcr	5	10						X											
7i8VkVTemUw	Prāta Vētra	Ziemassvētki (manā sirdī)		1993	232	vcr	5	10						X											
JSeXYkAmt1s	R.Pauls / A.Kukule u.c.	Nekas jau nebeidzas		1991	267	vcr	5	10						X											
VRCaOg3yZrA	K.D.A.K. (Keksi)	Nāc dejot (Roka-billi)		1994	253	vcr	5	10						X											
skuzDmWsZ5c	Rīgas Deju Klubs	Tikai tev un man		1995	246	vcr	5	10						X											
CGPaJA91nZ0	Bāze 7	Ejam tālāk		1992	296	vcr	5	10						X											
nZC9GI4to-0	Olga Rajecka	Vēl un vēl		1995	238	vcr	5	10						X											
x5ql0qkrqZU	Bet Bet	Baltās dūjas		1996	207	vcr	5	10						X											
EVuin4w9qaE	Arnis Mednis	Tuvu tuvu		1996	2228	vcr	5	10						X											
BhPDzAwxmtY	Huskvarn	Vienmēr		1995	277	vcr	5	10						X											
dYxn5BlYLNM	Grundulis	Lūgums (deju versija)		1998	339	vcr	5	10						X											
1f96DchuJmg	Logo	Melu karalis		1999	231	vcr	5	10						X											
IUpbkX40MiQ	Rebel	Brīvdiena		1996	2535	vcr	5	10						X											
DWpidpKhw_I	Prāta Vētra	My Star / Īssavienojums		2000	186	vcr	5	10						X											
_M-w89U8TEU	Marija Naumova	I Wanna		2002	191	modern	5	10	X					X											
vSIV2J08BPg	Lauris Reiniks	Sirds sadeg neparasti		2002	217	modern	5	10	X					X											
uyu9DRb-3iI	Prāta Vētra	Spogulīt, spogulīt		2001	243	modern	5	10	X					X											
ViPi57XK3ms	Cacao (Andris Ērglis)	Ripoja akmens		2007	211	modern	5	10	X					X											
sFbrRd2WobI	Tumsa	Lietus dārzs		2001	299	modern	5	10	X					X											
pOQ-E4Hmt1k	Astro'n'out	Daļa Rīgas		2006	240	modern	5	10	X					X											
SK6NjXHciDU	Prāta Vētra	Plaukstas lieluma pavasaris		2004	217	modern	5	10	X					X											
4nKMumqjDR8	Ainars Mielavs	Tu izvēlējies palikt		2002	258	modern	5	10	X					X											
aHK3A3P1CiA	Fomins & Kleins	Dziesma par laimi		2004	184	modern	5	10	X					X											
8ZfTQUHESnQ	Musiqq	Abrakadabra		2009	230	modern	5	10	X					X											
voUGRyWa2bg	Intars Busulis	Brīvdiena		2008	203	modern	5	10	X					X											
gjCuDnlrtwA	Borowa MC	Vējš		2005	187	modern	5	10	X					X											
p1l5lhNKoiY	Tumsa	Strēlniece		2004	275	modern	5	10	X					X											
491dd6oo6vU	Dons	Ja tikai uz mani tu paskatītos		2008	182	modern	5	10	X					X											
Q5HAilNn4fs	Valters un Kaža	The War Is Not Over		2005	191	modern	5	10	X					X											
0Z8yZ6aPZuw	Putnu Balle	Tikai Tev		2005	223	modern	5	10	X					X											
R3N9OWgQtJg	Prāta Vētra	Kaķēns, kurš atteicās no jūrasskolas		2001	182	modern	5	10	X					X											
rSN05-BYv8k	Autobuss Debesīs	Ir tikai tavas acis		2000	266	vcr	5	10						X											
dG8QJAM059I	Lauris Reiniks	Es skrienu		2009	318	modern	5	10	X					X											
GAtkqeubRps	Detlef	Četras sienas		2004	114	modern	5	10	X					X											
2sCXTHluiMo	R.A.P. un Igo	Dzīve bez apstājas		2005	235	modern	5	10	X					X											
HXXa-65TIQo	Dons	Kolekcionārs		2008	208	modern	5	10	X					X											
15_8Rf-RwJ4	Labvēlīgais Tips	Paldies latiņam		2009	252	modern	5	10	X					X											
kplQPH6M7yc	Tumsa	Vēstule		2004	525	modern	5	10	X					X											
xoTd9HB2QGM	Klaidonis	Mazā dvēselīte		2004	232	modern	5	10	X					X											
zMbLBKS5e5k	Autobuss Debesīs	Tev nebij laika		2001	185	modern	5	10	X					X											
DJNhQC-15IM	Prāta Vētra	Colder		2003	229	modern	5	10	X					X											
zav8x8A05mo	Musiqq	Angel In Disguise		2009	200	modern	5	10	X					X											
XPYOQnbVlRE	F.L.Y.	Hello From Mars		2003	178	modern	5	10	X					X											
7P35oA8zN70	Tumsa	Es esmu mazliet dons Kihots		2000	224	vcr	5	10						X											
F2en51a3h8w	Jānis Stībelis	Kā man būt		2003	204	modern	5	10	X					X											
fo1LNmjJsBI	Dons	Ja Tu man esi		2006	270	modern	5	10	X					X											
HP3ODkQK6zU	Gain Fast	Brīži		2007	209	modern	5	10	X					X											
JeA8nH11vcw	Fomins & Kleins	Kur esi tu		2003	253	modern	5	10	X					X											
XpW3pYknkq8	Labvēlīgais Tips	Eiropa mūs nesapratīs		2001	179	modern	5	10	X					X											
xV_XYxJkX4c	Prāta Vētra	Es gribu		2008	267	modern	5	10	X					X											
h5nvMMNwvmc	The Sound Poets	Peldētājs (Smaragdes un Pelni)		2008	216	modern	5	10	X					X											
gQy0PJEkQhA	Pirates of the Sea	Wolves of the Sea		2008	192	modern	5	10	X					X											
pZoEMvN0L_M	Tumsa	Kad Ēģiptē sniegs		2002	194	modern	5	10	X					X											
8u7MxDCBVPY	The Hobos	Aizejot		2002	244	modern	5	10	X					X											
CEDE1NS_Vxo	Prāta Vētra	Rudens		2005	231	modern	5	10	X					X											
7rkTjHSv7JY	Ainars Mielavs	Visskaistākās ogas pasaulē		2005	366	modern	5	10	X					X											
kzxsfeRtuXw	Kaža	Tici vai nē		2008	261	modern	5	10	X					X											
HCvP1IOxrTA	Gustavo / Vladi	Highland		2002	66	modern	5	10	X					X											
ZdzFWE5QUPY	Z-Scars	Tu kā, es kā		2003	239	modern	5	10	X					X											
UstNSMtqlo8	The Satellites	Pirmais		2006	191	modern	5	10	X					X											
RYuZLovECcs	H2O	Uzmini nu		2005	247	modern	5	10	X					X											
NsGHIfVoRBY	Dons & Lily	Ja es būtu vējš		2004	244	modern	5	10	X					X											
4MflFFl4S0c	Ivo Fomins	Mēs dzīvojam pasakās		2006	316	modern	5	10	X					X											
ZMOtVJrQKEE	Jānis Stībelis	Glāze piena		2004	205	modern	5	10	X					X											
qoNmxMY_Dbc	The Hobos	Lost in Space		2002	266	modern	5	10	X					X											
jrRf7jLATT4	Labvēlīgais Tips	Kikilis		2002	209	modern	5	10	X					X											
Nro4RX5BRFk	Valters un Kaža	Lai skan		2008	235	modern	5	10	X					X											
05qgBYBr3MY	Putnu Balle	Vienīgais		2005	214	modern	5	10	X					X											
94hcwxAwUn8	Gain Fast	Smaids		2008	295	modern	5	10	X					X											
6veOvKsAgPc	Musiqq	Manā pilsētā		2009	215	modern	5	10	X					X											
F_S6fUiCp4w	A-Eiropa	Naktsmaniaki		2006	242	modern	5	10	X					X											
jXrTCVE9kRQ	Tumsa	Viņa raud		2001	226	modern	5	10	X					X											
DkGlkKMsSNQ	Nicol	Tici sev		2002	271	modern	5	10	X					X											
xbHdnZ5jIkc	Intars Busulis	Gonki		2005	179	modern	5	10	X					X											
HjOjaiDIc3M	Gunārs Kalniņš	Lai burvji buras		2003	149	modern	5	10	X					X											
--_uRJ1dg6k	Prāta Vētra	Es gaidu ziemu		2005	191	modern	5	10	X					X											
V0Jdw_zqLEA	Aisha	Divas dvēseles		2008	240	modern	5	10	X					X											
WUa-1MSgafw	Dzelzs Vilks	Krustojums		2009	201	modern	5	10	X					X											
gRA7ll3alBI	Dzelzs Vilks	Uijā uijā nikni vilki		2008	228	modern	5	10	X					X											
V6t6zAeSc04	Detlef	Blind Actor		2004	156	modern	5	10	X					X											
V6rubHyoUzQ	Otra Puse	Saule riet		2008	229	modern	5	10	X					X											
FWC93Q7z8mg	Otra Puse	Pēc lietus		2006	264	modern	5	10	X					X											
CATdq_bcPPM	R.A.P.	Vienreiz		2001	265	modern	5	10	X					X											
44zppojZHIw	Jana Key	Butterfly in a Bottle		2003	31	modern	5	10	X					X											
F2RS22XBMkg	A-Eiropa	Zini		2001	222	modern	5	10	X					X											
GtTsmnkkW0o	A-Eiropa	Jūrmala		2000	287	vcr	5	10						X											
885hEm4Zg-0	Gain Fast	Varbūt		2007	211	modern	5	10	X					X											
CFpvaeWcN8U	Dons	Tukšums		2008	249	modern	5	10	X					X											
faug9vc0RDk	A-Eiropa	Tuvu tālumā		2001	199	modern	5	10	X					X											
zghnafACJyE	Bonaparti.lv	Questa Notte		2007	182	modern	5	10	X					X											
yEcPUqs2BiA	Arnis Mednis	Kitten Who Became A Cat		2001	15	modern	5	10	X					X											
KA2WRKn8QPA	Ance Krauze	Draugs, nejautā		2002	225	modern	5	10	X					X											
htC5plRMQEY	Double Faced Eels	Tu un Es		2006	211	modern	5	10	X					X											
WTz5Q3BEiDs	Prāta Vētra	Bēdz		2008	196	modern	5	10	X					X											
vQHhD5wEXXw	Jenny May	Šūpuļdziesma		2005	208	modern	5	10	X					X											
F7a6apypIWU	Intars Busulis	Es gribu kā bērns		2005	192	modern	5	10	X					X											
DeN5oP8l4mc	K.I.N. (vēlāk Rīgas Modes)	Laid lai līst		2006	199	modern	5	10	X					X											
sjyy67GRlVQ	Borowa MC	1000 jūdzes		2006	194	modern	5	10	X					X											
g9VZNFJQjN8	Gunārs Kalniņš	Ieskaties acīs		2002	333	modern	5	10	X					X											
vcf0OXaLnWI	Efeja	Kaut es spētu izlikties		2004	183	modern	5	10	X					X											
jguJlJ7BM9c	Hospitāļu iela	Disnejlenda		2004	757	modern	5	10	X					X											
9ubgnQwsf9o	Dons	Pēdējā vēstule		2013	221	modern	5	10	X					X											
HoKAPh9uRcM	Prāta Vētra & Musiqq	Debesis iekrita Tevē		2016	245	modern	5	10	X					X											
qcOQhYE_D-I	ansis pied. Kristīne Pāže	Zemes stunda		2017	186	modern	5	10	X					X											
6NuvgVpDS8k	Dons	Pāriet bailes		2014	269	modern	5	10	X					X											
BNvyeBHRek0	The Sound Poets	Kalniem pāri		2012	314	modern	5	10	X					X											
f508Q0WUwF4	Intars Busulis	Miglas rīts		2016	260	modern	5	10	X					X											
FCtGqh9rOBg	Dons & Ozols	Salauzta sirds		2018	212	modern	5	10	X					X											
3w0Yr8lLOn4	Citi Zēni	Limuzīns uz krīta		2021	281	modern	5	10	X					X											
OraCG_uNp_I	The Sound Poets	Tavs karogs		2013	239	modern	5	10	X					X											
-usdXbeGHi8	Aminata	Love Injected		2015	197	modern	5	10	X					X											
hPtqabqzkU4	Carnival Youth	Nekad nekad		2014	576	modern	5	10	X					X											
s8tIGXAxvW4	Musiqq	Sekundes		2014	239	modern	5	10	X					X											
5_MDh8XZ-98	Bermudu Divstūris	Sarkanbaltsarkanais		2019	194	modern	5	10	X					X											
vo8PheV1vzk	Fiņķis & Patrisha	Raķešu zinātne		2023	207	modern	5	10	X																
EJxp1-b5BY4	Nikolajs Puzikovs	Dievs tevi mīl		2010	208	modern	5	10	X					X											
9PKUAD51Fdw	Intars Busulis	Dejo vientulību		2020	274	modern	5	10	X					X											
omNWzHAr7f8	Dons	Es nāktu mājās		2018	178	modern	5	10	X					X											
8QWqOC8OU10	Dons	Lauzto šķēpu karaļvalsts		2023	175	modern	5	10	X																
qCcAk4aXsVQ	Aija Andrejeva & Otra Puse	Ave Pali		2011	242	modern	5	10	X					X											
qZcq88wGoUk	Prāta Vētra un Tautumeitas	Tur, kur Dieva kamanas slīd		2021	259	modern	5	10	X					X											
6N6snsO3urg	Bermudu Divstūris	Ballējam neguļam		2014	192	modern	5	10	X					X											
XRV2-jPqaUw	Sudden Lights	Aijā		2023	193	modern	5	10	X																
klEMtU5ShK8	Dons	Signāls		2012	195	modern	5	10	X					X											
jrN78Im24dM	Astro'n'out	Sākam no jauna		2019	353	modern	5	10	X					X											
x2bT8hU2NUc	Dons	Tev piedzims bērns		2015	162	modern	5	10	X					X											
L7CL8anA1hQ	Aarzemnieki	Cake To Bake		2014	186	modern	5	10	X					X											
o-2Lt7zzlBU	Justs	Heartbeat		2016	191	modern	5	10	X					X											
TM0_0WfuxSk	Citi Zēni	Eat Your Salad		2022	207	modern	5	10	X																
fTozfvlOghM	Dons	Hollow		2024	175	modern	5	10	X																
1ySvNblh4_s	Mesa	Vērtības		2016	216	modern	5	10	X					X											
bh0CqVtm3No	Dons	Māsa upe		2013	199	modern	5	10	X					X											
MblgfOw267w	Prāta Vētra	Pieci soļi		2021	260	modern	5	10	X					X											
QGhFRYhm3Po	Citi Zēni & Mazais Princis	Lauzīsimies		2022	189	modern	5	10	X																
qh9DlPg99Yc	Citi Zēni	Lieka štuka		2022	217	modern	5	10	X																
WQNaEuG772A	Singapūras Satīns	Piededzini mann		2019	261	modern	5	10	X					X											
DR7c2XeY_Os	Intars Busulis	Nākamā pietura - Depo		2017	297	modern	5	10	X					X											
Xp9KwjVHTAc	Gacho	Pa īstam		2012	221	modern	5	10	X					X											
omtEDjUccm0	Prāta Vētra	Karalienes		2021	232	modern	5	10	X					X											
UXztIWxOqEo	Rassell & Sabīne Berezina	Ceļš uz mājām		2012	218	modern	5	10	X					X											
YK-nWjCYXPQ	Prāta Vētra	Ogles		2018	243	modern	5	10	X					X											
YkpH49g8aDk	Carnival Youth	Multivitamīnu multipaka		2019	284	modern	5	10	X					X											
MMGgOPW6OcU	The Sound Poets	Zemeņu lauks (kaverversija)		2015	247	modern	5	10	X					X											
ugJFE9r487E	Instrumenti	Visa par daudz		2017	228	modern	5	10	X					X											
jsQyhaWxV6c	Astro'n'out	Tici sev		2012	191	modern	5	10	X					X											
I_zUoqFyUOg	Instrumenti	HES un Tu		2018	207	modern	5	10	X					X											
EhwitZh8H48	Carnival Youth	Vēstules no Parīzes		2014	234	modern	5	10	X					X											
l9WVWbnLLiE	Astro'n'out	Dejot trakāk		2017	186	modern	5	10	X					X											
jOzNTWbWauQ	Būū	Sākums		2021	172	modern	5	10	X					X											
QXarYcPxbT8	Mēnessputni	Mums vajag atpakaļ		2014	211	modern	5	10	X					X											
IvbXBuP4__M	Dzelzs Vilks	Panama		2017	64	modern	5	10	X					X											
BuBn4j97eo4	Singapūras Satīns	Bambaleo		2020	208	modern	5	10	X					X											
J3PvmptP0ek	Cirks (M.Ruskis u.c.)	Vienmēr kavēju		2013	701	modern	5	10	X					X											
Vxos6ceOrRA	Triana Park	Line		2017	198	modern	5	10	X					X											
ELr6U2fOrnE	Samanta Tīna	Still Breathing		2021	188	modern	5	10	X					X											
MEorVmx3qyw	Musiqq	Miljonārs		2011	223	modern	5	10	X					X											
oRWp9lQF_hw	Dzelzs Vilks	Tu vilki nakti		2015	197	modern	5	10	X					X											
X3vGGphX0Z4	Gacho	Apall		2012	233	modern	5	10	X					X											
T3rmjaEi5eA	The Sound Poets	Uguns		2013	231	modern	5	10	X					X											
-d68nvAbNhM	Triana Park	Vēl		2016	228	modern	5	10	X					X											
BseUa6gBUyE	The Hobos & Ralfs Eilands	Mēs lidosim		2013	213	modern	5	10	X					X											
XSyNnltTiRc	Patrisha	Daudz par daudz		2020	187	modern	5	10	X					X											
gqI9MB221kw	Justs	Funny		2018	3695	modern	5	10	X					X											
jOLYIjPQBDw	Fiņķis	Sērkociņi		2020	144	modern	5	10	X					X											
qaLGMm_FhVA	Carnival Youth	Laternas		2019	195	modern	5	10	X					X											
dyvmv-X-_Q4	Aminata	Es varu būt		2020	193	modern	5	10	X					X											
90HJEFdyuA0	Shipsea	Upe		2014	252	modern	5	10	X					X											
BqXw-0Iq2BQ	Būū	Kur ir mana cilts		2022	129	modern	5	10	X																
cEWnHrYP_UA	Tautumeitas	Gam, gam		2020	244	modern	5	10	X					X											
IrNTTNfBOEE	Jānis Stībelis	Augstāk par zemi		2019	222	modern	5	10	X					X											
UH4FEVvNYqw	Dabasu Durovys	Acis kā zvaigznes		2016	97	modern	5	10	X					X											
dOnvvo90Vy4	Aminata	Šis ir mans laiks		2021	162	modern	5	10	X					X											
wsUJG4_2YD4	Apvedceļš	Rumbas kvartets		2014	206	modern	5	10	X					X											
S9YwL3KkUI0	Musiqq	Tava balss		2018	228	modern	5	10	X					X											
4nJMIRheRTw	Sudden Lights	Debesis raud		2019	228	modern	5	10	X					X											
iQemtUgBipE	Ivo Fomins	Miera vējos		2020	225	modern	5	10	X					X											
9wPgfkEzAw4	Instrumenti & Prāta Vētra	Zemeslodes		2014	243	modern	5	10	X					X											
h7-S1kALfXU	Ivo Fomins	Domas		2021	292	modern	5	10	X					X											
j-X-5M3mfiM	Rassell	Dzīvo brīvi		2011	205	modern	5	10	X					X											
1kLUgzIgW5I	Aija Andrejeva	Es eju tālāk		2020	235	modern	5	10	X					X											
K-htQfoHAOc	Aija Andrejeva	Blakus		2018	179	modern	5	10	X					X											
TBgE-N3qSWw	Lauris Reiniks	Degošs		2019	238	modern	5	10	X					X											
vlpfW8onFAI	Ozols	Svētdienas serviss		2020	297	modern	5	10	X					X											
y6iXwO4C0zg	Bermudu Divstūris	Tētis šoferis		2020	186	modern	5	10	X					X											
1dH61fFp970	Jānis Stībelis	Pie upes		2016	235	modern	5	10	X					X											
MfYhPToG1aY	Antra Stafecka	Laime šī		2016	164	modern	5	10	X					X											
CnCMOSqOTvI	Detlef	Kāds ir tavs vārds		2024	225	modern	5	10	X																
nywTGXOPzhw	Agnese Rakovska	Vienaldzības		2016	232	modern	5	10	X					X											
DvaTn8Qd7_A	Singapūras Satīns	Stronks		2017	256	modern	5	10	X					X											
fFNvmrhGL3w	Ivo Fomins	Putni bez spārniem		2015	248	modern	5	10	X					X											
GinJb52jxKQ	Tautas balss (Elektrum)	Pieslēdzies		2012	31	modern	5	10	X					X											
0Reu_jua7fs	Ralfs Eilands / Valters Pūce	Celies		2015	192	modern	5	10	X					X											
e15VnIbYH7I	Sudden Lights	Muhtars		2022	365	modern	5	10	X																
88ak9N5WQDw	Intars Busulis	Spēlē savā burvju flautā		2023	217	modern	5	10	X																
6Qkk6xcSI3g	Chris Noah	Spoguļoties		2023	631	modern	5	10	X																
