YouTube Link,Song,Artist,Album,Year,Duration,Trim Start,Trim End,Era
https://www.youtube.com/watch?v=UZqmqHN6Zsg,Mēmā dziesma,Nora Bumbiere un Viktors Lapčenoks,,1976,283,5,10,vintage
https://www.youtube.com/watch?v=0W1tCqKKRgc,"Teic, kur zeme tā","M. Vilcāne, O. Grinbergs, N. Bumbiere",,1971,181,5,10,vintage
https://www.youtube.com/watch?v=P_P4H84g7WY,Zilais karbunkuls,Menuets,,1971,203,5,10,vintage
https://www.youtube.com/watch?v=hej8hnHtnrY,Cielaviņa,Jānis Paukštello,,1978,207,5,10,vintage
https://www.youtube.com/watch?v=Kk3Kj78DRrs,Vakara dziesma (Cauri pilsētai),Menuets,,1972,181,5,10,vintage
https://www.youtube.com/watch?v=ci8_w-3yfT4,Vēju muzikants,Ēriks Kamarūts,,1973,267,5,10,vintage
https://www.youtube.com/watch?v=5E8VyfKWvlQ,Kurzeme,Viktors Lapčenoks,,1974,195,5,10,vintage
https://www.youtube.com/watch?v=8F47rDV_-0Y,Ķiršu lietus,Nora Bumbiere,,1974,216,5,10,vintage
https://www.youtube.com/watch?v=SgQfdLFfP5A,Dziesmiņa par daillempteri,Menuets,,1975,182,5,10,vintage
https://www.youtube.com/watch?v=UeBEmtXie_U,Par pēdējo lapu,Nora Bumbiere,,1976,192,5,10,vintage
https://www.youtube.com/watch?v=y-YC2Jfvg58,Parunā ar mani,Ingus Pētersons,,1977,222,5,10,vintage
https://www.youtube.com/watch?v=W3FbSbYdNjI,Tai pilsētā,Mirdza Zīvere,,1978,172,5,10,vintage
https://www.youtube.com/watch?v=d5jf3uJZQKI,Es aiziet nevaru,Mirdza Zīvere,,1979,215,5,10,vintage
https://www.youtube.com/watch?v=1ehkmfOiejY,"Sanāciet, sadziediet",Viktors Lapčenoks,,1977,140,5,10,vintage
https://www.youtube.com/watch?v=2iXFqKnuN0U,Savāda vasara,V. Lapčenoks un N. Bumbiere,,1972,156,5,10,vintage
https://www.youtube.com/watch?v=F5UfWoLbRwE,Lilioma dziesma,Uldis Dumpis,,1971,188,5,10,vintage
https://www.youtube.com/watch?v=0n4casCkoFs,Alvas zaldātiņi,Menuets,,1972,161,5,10,vintage
https://www.youtube.com/watch?v=BA356zj3nCw,Dziesma par pazaudēto laiku,Menuets,,1974,282,5,10,vintage
https://www.youtube.com/watch?v=kD5jBwzW0Ss,Dāvāja Māriņa,Aija Kukule un Līga Kreicberga,,1979,320,5,10,vintage
https://www.youtube.com/watch?v=E-N0lDTFGWo,Nāc pie puikām!,Credo,,1979,125,5,10,vintage
https://www.youtube.com/watch?v=kXOQInleT20,Kā caur pelniem,Adrians Kukuvass / Menuets,,1979,209,5,10,vintage
https://www.youtube.com/watch?v=l20fbHnjfsg,Vēl nav par vēlu,Nora Bumbiere,,1975,186,5,10,vintage
https://www.youtube.com/watch?v=IAchRAkVkmU,Puķu nakts,Viktors Lapčenoks,,1975,204,5,10,vintage
https://www.youtube.com/watch?v=gyCyYQUgjW8,Laternu stundā,N. Bumbiere un V. Lapčenoks,,1976,167,5,10,vintage
https://www.youtube.com/watch?v=GYy4P7WB5eM,Rudens ogle,Mirdza Zīvere,,1976,206,5,10,vintage
https://www.youtube.com/watch?v=j3RMroeCYVw,Zvani,Andrejs Lihtenbergs,,1973,141,5,10,vintage
https://www.youtube.com/watch?v=XeRKaas95Hg,Somu pirts,O. Grinbergs un M. Vilcāne,,1972,150,5,10,vintage
https://www.youtube.com/watch?v=Yh2mlqf1Naw,Gaujai,Jānis Paukštello,,1973,191,5,10,vintage
https://www.youtube.com/watch?v=qtKZoFgiS_E,Atmiņu lietus,Viktors Lapčenoks,,1975,239,5,10,vintage
https://www.youtube.com/watch?v=bJeoIRDGwEA,Ūdensnesējs,N. Bumbiere un V. Lapčenoks,,1971,215,5,10,vintage
https://www.youtube.com/watch?v=uMnhcgpVQvc,"Dziesma, ar ko tu sāksies",Menuets,,1979,277,5,10,vintage
https://www.youtube.com/watch?v=DbxY3BH9LeY,Zied ievas Siguldā,Viktors Lapčenoks,,1974,226,5,10,vintage
https://www.youtube.com/watch?v=OVxpa_x1sqc,Pusnakts balāde,Viktors Lapčenoks,,1977,276,5,10,vintage
https://www.youtube.com/watch?v=DQeXSfKPRHY,Cāļus skaita rudenī,O. Grinbergs un M. Vilcāne,,1973,144,5,10,vintage
https://www.youtube.com/watch?v=h_coEzGZ5X4,Vecā jūrnieka stāsts,Viktors Lapčenoks,,1972,146,5,10,vintage
https://www.youtube.com/watch?v=M5T1SqduECA,Undīne,Nora Bumbiere,,1974,160,5,10,vintage
https://www.youtube.com/watch?v=Ll_lAsRBFq4,Skeirī,2xBBM,,1971,334,5,10,vintage
https://www.youtube.com/watch?v=ok384a4HvcQ,Kūku Marija,Margarita Vilcāne,,1975,230,5,10,vintage
https://www.youtube.com/watch?v=Y7TuNdqvVrM,Vienīgais,Ārija Elksne (M.Zīvere),,1978,44,5,10,vintage
https://www.youtube.com/watch?v=1WNnhtHtFmk,Viss nāk un aiziet tālumā,N. Bumbiere un V. Lapčenoks,,1976,214,5,10,vintage
https://www.youtube.com/watch?v=PxFQv61oHmw,Viņi dejoja vienu vasaru,Menuets,,1976,223,5,10,vintage
https://www.youtube.com/watch?v=rFRaM-2PP5w,Dūdieviņš (agrā versija),Nora Bumbiere,,1972,172,5,10,vintage
https://www.youtube.com/watch?v=ldoajQuM8XU,Zēns ar ģitāru,V. Lapčenoks,,1971,102,5,10,vintage
https://www.youtube.com/watch?v=U-P5GiXckMQ,Lapsenes nāve,2xBBM (Imants Kalniņš),,1971,466,5,10,vintage
https://www.youtube.com/watch?v=fLhjEq0Tavs,"Hallo, Rostoka!",Ojārs Grinbergs,,1976,163,5,10,vintage
https://www.youtube.com/watch?v=O67173ucKJ4,Nakts dziesma,Aija Kukule,,1978,174,5,10,vintage
https://www.youtube.com/watch?v=8VUJicaFjns,Tāls Parīzes radio,Margarita Vilcāne,,1978,254,5,10,vintage
https://www.youtube.com/watch?v=GyuIT7ZkK64,Dzeltenie aizkari,Mirdza Zīvere,,1979,267,5,10,vintage
https://www.youtube.com/watch?v=NNFQ1ovb-y0,Mirdzošais gliemežvāks,O. Grinbergs / V. Lapčenoks,,1971,190,5,10,vintage
https://www.youtube.com/watch?v=16xMaeYXc4o,Lūgums,Nora Bumbiere,,1974,188,5,10,vintage
https://www.youtube.com/watch?v=0nZyXTukjVk,Vēju stunda,Aija Kukule,,1978,177,5,10,vintage
https://www.youtube.com/watch?v=Sb_EXnjNo5s,Salds it kā medus,Zigmars Liepiņš / M. Zīvere,,1978,194,5,10,vintage
https://www.youtube.com/watch?v=wKz0dOgQm0Q,Jelgavai,Viktors Lapčenoks,,1979,482,5,10,vintage
https://www.youtube.com/watch?v=BA_Ud57rIOQ,Ances romance,M. Vilcāne,,1970,188,5,10,vintage
https://www.youtube.com/watch?v=-_uJ3NtNFQM,Kā sniegi kalnu galotnēs,N. Bumbiere un V. Lapčenoks,,1977,272,5,10,vintage
https://www.youtube.com/watch?v=dFXBstdcHEI,Priekšnojauta,Mirdza Zīvere,,1977,226,5,10,vintage
https://www.youtube.com/watch?v=_mrsg05aL1s,Sapņu pīpe,Edgars Liepiņš,,1979,180,5,10,vintage
https://www.youtube.com/watch?v=L_dsYTxvSdI,Tā diena,Margarita Vilcāne,,1970,217,5,10,vintage
https://www.youtube.com/watch?v=Kpw5uNnlEOM,Grieze,N. Bumbiere un V. Lapčenoks,,1973,112,5,10,vintage
https://www.youtube.com/watch?v=ok384a4HvcQ,Balta saule,Margarita Vilcāne,,1970,230,5,10,vintage
https://www.youtube.com/watch?v=LsgO5OTUsRU,Raganu nakts,Viktors Lapčenoks,,1974,186,5,10,vintage
https://www.youtube.com/watch?v=ZnUQabB6wdY,Lakstīgala,Nora Bumbiere,,1977,211,5,10,vintage
https://www.youtube.com/watch?v=0uv7LnhO8OU,Par nesatikšanos,Ingus Pētersons,,1979,223,5,10,vintage
https://www.youtube.com/watch?v=qcAVbTjbszY,Inese,Viktors Lapčenoks,,1976,225,5,10,vintage
https://www.youtube.com/watch?v=hO9trub1c7g,Kaktuss,Ojārs Grinbergs,,1972,262,5,10,vintage
https://www.youtube.com/watch?v=0nZyXTukjVk,Latgalē,Viktors Lapčenoks,,1976,177,5,10,vintage
https://www.youtube.com/watch?v=TAl84FZzx00,"Pilsēta, kurā piedzimst vējš",Liepājas brāļi / Imants Kalniņš,,1973,296,5,10,vintage
https://www.youtube.com/watch?v=bJeoIRDGwEA,Trubadūrs,N. Bumbiere un V. Lapčenoks,,1972,215,5,10,vintage
https://www.youtube.com/watch?v=-M0bwtHwy9g,Zemeņu lauks,N. Bumbiere un V. Lapčenoks,,1974,44,5,10,vintage
https://www.youtube.com/watch?v=8_Vafvt_Pb4,Pērļu zvejnieks,Andrejs Lihtenbergs,,1970,147,5,10,vintage
https://www.youtube.com/watch?v=j3RMroeCYVw,Devītais vilnis,Andrejs Lihtenbergs,,1972,141,5,10,vintage
https://www.youtube.com/watch?v=lnuyeLdymmw,Manai dzimtenei,N. Bumbiere un V. Lapčenoks,,1972,272,5,10,vintage
https://www.youtube.com/watch?v=JdORCLLIr0k,Dziesma par sevi,Viktors Lapčenoks,,1977,439,5,10,vintage
https://www.youtube.com/watch?v=qvC2f6tfAD8,Pusnakts stundā,V. Lapčenoks un N. Bumbiere,,1978,231,5,10,vintage
https://www.youtube.com/watch?v=NH6tfV490Zo,Melnā aronija,Ojārs Grinbergs,,1974,170,5,10,vintage
https://www.youtube.com/watch?v=dAfEQnwjlqc,Zem apgāztā mēness,Uldis Stabulnieks,,1975,4971,5,10,vintage
https://www.youtube.com/watch?v=vCQUv0Po8tg,Dziesma nenosalst,V. Lapčenoks,,1975,220,5,10,vintage
https://www.youtube.com/watch?v=xMQ87Mp9Uvc,Tu neskumsti,Andrejs Lihtenbergs,,1977,115,5,10,vintage
https://www.youtube.com/watch?v=Hrh2bfG-fio,Vardīte,Nora Bumbiere,,1972,193,5,10,vintage
https://www.youtube.com/watch?v=H9Crl-b-AiQ,Māsa kerija,Mirdza Zīvere,,1979,206,5,10,vintage
https://www.youtube.com/watch?v=nAZfVHUjbnQ,Kerijas dziesma,Mirdza Zīvere,,1979,208,5,10,vintage
https://www.youtube.com/watch?v=wwB2__BirlI,Vectētiņš un vecmāmiņa,Dzeguzīte,,1979,194,5,10,vintage
https://www.youtube.com/watch?v=OHQcW6pnKOQ,"Tāpēc jau, ka nevar zināt",Imants Skrastiņš,,1979,289,5,10,vintage
https://www.youtube.com/watch?v=whEHI8IvPyA,Spēļu nakts Duntes krogā,Aktieru ansamblis,,1974,613,5,10,vintage
https://www.youtube.com/watch?v=ok384a4HvcQ,Zelta dziesma,Margarita Vilcāne,,1976,230,5,10,vintage
https://www.youtube.com/watch?v=Br0uOMakbps,Kamēr vēl,Margarita Vilcāne,,1977,182,5,10,vintage
https://www.youtube.com/watch?v=K9nOoyw-euA,Atvadas vasarai,N. Bumbiere,,1975,165,5,10,vintage
https://www.youtube.com/watch?v=VmDHe_kkE_s,Sikspārņa Fledermuša šūpuļdziesma,Gunārs Placēns,,1978,118,5,10,vintage
https://www.youtube.com/watch?v=Vpf_cb9nplE,Tāls un bargs,Ojārs Grinbergs,,1973,245,5,10,vintage
https://www.youtube.com/watch?v=jToq68sA1U4,Lielais loms,N. Bumbiere un V. Lapčenoks,,1972,224,5,10,vintage
https://www.youtube.com/watch?v=ok384a4HvcQ,Vivere,Margarita Vilcāne,,1973,230,5,10,vintage
https://www.youtube.com/watch?v=Kpw5uNnlEOM,Ābelīte,N. Bumbiere un V. Lapčenoks,,1973,112,5,10,vintage
https://www.youtube.com/watch?v=-bIHuDhWDCY,Pasaulē ir tādas krāsas,Mirdza Zīvere,,1979,252,5,10,vintage
https://www.youtube.com/watch?v=8_Vafvt_Pb4,Dziesma par lāci,Andrejs Lihtenbergs,,1978,147,5,10,vintage
https://www.youtube.com/watch?v=CVGRkUnqky4,Mazā princese,Sandra Ozolīte,,1979,276,5,10,vintage
https://www.youtube.com/watch?v=kwbEw0HcLB0,Tava balss,Aija Kukule,,1979,135,5,10,vintage
https://www.youtube.com/watch?v=6OXmg6DhMAo,Liepas satumst,REO vīru vokālais ansamblis,,1971,185,5,10,vintage
https://www.youtube.com/watch?v=NH6tfV490Zo,Dzeltenais putns,Ojārs Grinbergs,,1971,170,5,10,vintage
https://www.youtube.com/watch?v=qBCggC1G8qw,Skumja dziesma par Mocartu,Menuets,,1978,152,5,10,vintage
https://www.youtube.com/watch?v=TSAqqh9ZF04,Silta sirds,Margarita Vilcāne,,1974,232,5,10,vintage
https://www.youtube.com/watch?v=eYN4GgWj1hQ,Dzimtā valoda,Līvi,,1986,255,5,10,vintage
https://www.youtube.com/watch?v=BZM5g8kxTCY,Ziemeļmeita,Jumprava,,1988,259,5,10,vintage
https://www.youtube.com/watch?v=LJE9kZ1ELgw,Pie Dieviņa gari galdi,Mārtiņš Brauns / Dzeguzīte,,1988,364,5,10,vintage
https://www.youtube.com/watch?v=Uu5wr6DeasY,Zibsnī zvaigznes aiz Daugavas,Mirdza Zīvere / Imants Vanzovičs,,1985,203,5,10,vintage
https://www.youtube.com/watch?v=loTxIZssCxk,Meitene ar kallu ziediem,Credo,,1981,213,5,10,vintage
https://www.youtube.com/watch?v=EkgYa_UAFAY,Lūgums,Mirdza Zīvere,,1984,292,5,10,vintage
https://www.youtube.com/watch?v=HZhviu25Dqs,Pie laika,Remix / Igo,,1988,269,5,10,vintage
https://www.youtube.com/watch?v=c5YK8UrXW7c,Balāde par gulbi,Pērkons,,1983,393,5,10,vintage
https://www.youtube.com/watch?v=xN_HJ08RFV0,"Pasaule, pasaulīt",Eolika,,1985,205,5,10,vintage
https://www.youtube.com/watch?v=lJdQ9NQ0dlo,Dzelzsgriezējs,Līvi,,1987,299,5,10,vintage
https://www.youtube.com/watch?v=vmRgiq-diaI,Brīvību Baltijai,Opus Pro,,1989,267,5,10,vintage
https://www.youtube.com/watch?v=oqj7raNt2l4,Gandrīz tautasdziesma,Pērkons,,1987,278,5,10,vintage
https://www.youtube.com/watch?v=LlfOSauog8g,Tikai tā,Liepājas brāļi,,1987,275,5,10,vintage
https://www.youtube.com/watch?v=dKv4exGHvqw,Mēs pārtiekam viens no otra,Pērkons,,1989,287,5,10,vintage
https://www.youtube.com/watch?v=x17fM63MGuo,Atgriešanās,Uldis Stabulnieks,,1981,169,5,10,vintage
https://www.youtube.com/watch?v=F2l9HtPixcc,Disnejlenda,Zodiaks,,1986,551,5,10,vintage
https://www.youtube.com/watch?v=8vqyghGOI4w,Svētku diena,Olga Rajecka / Turaidas Roze,,1989,180,5,10,vintage
https://www.youtube.com/watch?v=-BEVOQFyTOg,Noktirne (Šaurā bezdibenī),Eolika,,1982,279,5,10,vintage
https://www.youtube.com/watch?v=XTg6nU1OeaQ,Druvas,Ingus Pētersons,,1980,221,5,10,vintage
https://www.youtube.com/watch?v=ZH_6uKp-j-o,Mežrozīte,Čikāgas Piecīši,,1989,212,5,10,vintage
https://www.youtube.com/watch?v=QRA_ioFusT4,Daugaviņa,Mārtiņš Brauns / Sīpoli,,1988,202,5,10,vintage
https://www.youtube.com/watch?v=oEGL1oPWaAw,Uz krustcelēm,Remix,,1987,144,5,10,vintage
https://www.youtube.com/watch?v=7psEVhxjteM,Senā dziesma (Vējš miltus...),Čikāgas Piecīši / Līvi,,1989,290,5,10,vintage
https://www.youtube.com/watch?v=At0ADKo4AYA,Taisnība,Zodiaks,,1989,295,5,10,vintage
https://www.youtube.com/watch?v=jDZTkNkETLs,Atgriešanās (no rokoperas Lāčplēsis),Igo / Mailītis / Z. Liepiņš,,1988,373,5,10,vintage
https://www.youtube.com/watch?v=KnIt45VIVFM,Zīlīte,Līvi,,1982,194,5,10,vintage
https://www.youtube.com/watch?v=Dui9FWlOoLo,Zemeņu lauks,Eolika,,1985,201,5,10,vintage
https://www.youtube.com/watch?v=qe5Zx9HeuZ4,Komunālais blūzs,Remix,,1987,243,5,10,vintage
https://www.youtube.com/watch?v=vRMdYJBi0Ck,Kad man vairs nebūs 16,Olga Rajecka / Bāze 7,,1987,224,5,10,vintage
https://www.youtube.com/watch?v=tWRrampneow,"Tumsša nakte, zaļa zāle",Ieva Akuratere,,1988,189,5,10,vintage
https://www.youtube.com/watch?v=dgxE29yN5eI,Veltījums,Līvi,,1985,774,5,10,vintage
https://www.youtube.com/watch?v=vhiU9J3yeEc,Elektriskā zivs,Līvi,,1984,261,5,10,vintage
https://www.youtube.com/watch?v=k3ltBkxV_GY,Tāls Parīzes radio,Mirdza Zīvere / Opus,,1984,297,5,10,vintage
https://www.youtube.com/watch?v=Zcl8tNkzW2Q,Rīts (Šeit ir Latvija),Odis,,1989,308,5,10,vintage
https://www.youtube.com/watch?v=7RoKZ31GjY0,Dūdieviņš,Aigars Grāvers / Jumprava,,1989,223,5,10,vintage
https://www.youtube.com/watch?v=w_7iixgeNB0,Kā senā dziesmā,Ingus Pētersons,,1983,263,5,10,vintage
https://www.youtube.com/watch?v=86NtYMqtKs4,Vēl,Mirdza Zīvere,,1983,257,5,10,vintage
https://www.youtube.com/watch?v=HHPy9Lso1vI,Es karājos tavā bizē,Gunārs Kalniņš / Sīpoli,,1984,300,5,10,vintage
https://www.youtube.com/watch?v=ltuxjMDi2t8,Zaļā dziesma,Pērkons,,1988,256,5,10,vintage
https://www.youtube.com/watch?v=j5GyTOuAIHE,Pieskāriens,New York (J.Kulakovs),,1989,159,5,10,vintage
https://www.youtube.com/watch?v=9ZSBGrQyEQw,Vējš un liepa,Imants Skrastiņš,,1984,269,5,10,vintage
https://www.youtube.com/watch?v=CCuri9RhVjA,Diskžokejs,Credo,,1982,207,5,10,vintage
https://www.youtube.com/watch?v=oIm2p_OgiY0,Mana dienišķā dziesma,Pērkons,,1987,230,5,10,vintage
https://www.youtube.com/watch?v=T6so1kZ34TI,Prom no pilsētas,Jumprava,,1987,231,5,10,vintage
https://www.youtube.com/watch?v=SHoorM9F_Vo,Smaidiet un dalieties,Credo,,1980,240,5,10,vintage
https://www.youtube.com/watch?v=fy4nAycqZMw,Rozā brille,Opus Pro,,1988,294,5,10,vintage
https://www.youtube.com/watch?v=PBXoYVuIZiA,Laika dziesmiņa,Līvi,,1983,228,5,10,vintage
https://www.youtube.com/watch?v=D2b8LG1GSzY,Dziesma par rozīti,Cikādes,,1982,166,5,10,vintage
https://www.youtube.com/watch?v=DvbCZWUnSkE,Nakts,Jumprava,,1986,218,5,10,vintage
https://www.youtube.com/watch?v=wnQ267kghRc,"Lielais, mazais",Eolika,,1985,165,5,10,vintage
https://www.youtube.com/watch?v=ONIrBi85uwc,Lapsene,Pērkons,,1983,54,5,10,vintage
https://www.youtube.com/watch?v=dWQGz02d6Vk,Tavs sauciens (Bēdu manu lielu bēdu),Remix,,1986,241,5,10,vintage
https://www.youtube.com/watch?v=RFYrZCnX31A,Aprīļa pilieni,Līvi,,1984,224,5,10,vintage
https://www.youtube.com/watch?v=ci8_w-3yfT4,Vēju muzikants,Jumprava (versija),,1989,267,5,10,vintage
https://www.youtube.com/watch?v=k6JbCeX4yek,Mākonis,Jumprava,,1986,247,5,10,vintage
https://www.youtube.com/watch?v=6OHd3_K2_l4,Genoveva,Žoržs Siksna,,1985,250,5,10,vintage
https://www.youtube.com/watch?v=kYEjCCK3QkE,Muļķe sirds,Žoržs Siksna,,1983,235,5,10,vintage
https://www.youtube.com/watch?v=FAI4nL3XnvQ,Atkal sāpe,Līvi,,1984,2707,5,10,vintage
https://www.youtube.com/watch?v=Ws0mCyv15kA,Ozolam,Līvi,,1989,332,5,10,vintage
https://www.youtube.com/watch?v=GpKZMQBsIyo,Ceļavējš,Zodiaks,,1989,264,5,10,vintage
https://www.youtube.com/watch?v=LfVgHi1GzwA,Fināla dziesma (No Lāčplēša),Kopkoris,,1988,290,5,10,vintage
https://www.youtube.com/watch?v=ICR_YJiY4PA,Šūpuļdziesma (mātei),Opus Pro,,1987,208,5,10,vintage
https://www.youtube.com/watch?v=c-3alcyHwG0,Meitenei kafejnīcā,Remix,,1986,279,5,10,vintage
https://www.youtube.com/watch?v=I0WULm0ipjM,Tava izredzētā,Mirdza Zīvere,,1982,165,5,10,vintage
https://www.youtube.com/watch?v=RiwytLqhDyw,"Kūko, kūko dzeguzīte",Eolika,,1984,233,5,10,vintage
https://www.youtube.com/watch?v=m-ZG2YzrLUg,Ugunskurs,Eolika,,1987,305,5,10,vintage
https://www.youtube.com/watch?v=nNkgL93t0kU,Likteņlīnijas,Turaidas Roze,,1987,306,5,10,vintage
https://www.youtube.com/watch?v=D3PV5uJgzaw,"Nelaid, māte, bērnus mežā",Turaidas Roze,,1986,274,5,10,vintage
https://www.youtube.com/watch?v=nhrryd_yNcQ,Es neesmu neprātīgs,Viktors Lapčenoks,,1980,233,5,10,vintage
https://www.youtube.com/watch?v=HZhviu25Dqs,Seno laiku ainas,Remix,,1988,269,5,10,vintage
https://www.youtube.com/watch?v=Tyi-ZHz6hJY,Mājupceļš,Opus,,1986,257,5,10,vintage
https://www.youtube.com/watch?v=1s26Cw0G74g,Vēstule (Sēžu pie ratiņa),Turaidas Roze,,1986,284,5,10,vintage
https://www.youtube.com/watch?v=3BTsrLLQtQA,"Puiši, puiši",Jumprava,,1989,138,5,10,vintage
https://www.youtube.com/watch?v=RjdfG1t6h-w,Rīgas modes,Dzeltenie Pastnieki,,1982,234,5,10,vintage
https://www.youtube.com/watch?v=SuLxMDgGS4I,Milžu cīņa,Dzeltenie Pastnieki,,1984,302,5,10,vintage
https://www.youtube.com/watch?v=Uu9WPdYu6Mo,Man vienalga,Remix,,1988,386,5,10,vintage
https://www.youtube.com/watch?v=ktztsPzrCy8,Piedod man,Zodiaks (Maija Lūsēna),,1989,234,5,10,vintage
https://www.youtube.com/watch?v=RMB5YC2mgVA,Soli pa solim,Jumprava,,1988,223,5,10,vintage
https://www.youtube.com/watch?v=PnfwOte1V7s,Tēvu zeme,Igo,,1988,242,5,10,vintage
https://www.youtube.com/watch?v=IoZtocq-Wgc,Kerijas dziesma,Credo (versija),,1981,807,5,10,vintage
https://www.youtube.com/watch?v=eZLgGbGByV8,Es mīlu tevi tā...,Viktors Lapčenoks,,1981,204,5,10,vintage
https://www.youtube.com/watch?v=WO0ByoDCnxQ,Lidotāja sapnis,Uldis Stabulnieks,,1985,141,5,10,vintage
https://www.youtube.com/watch?v=iNjU-yAXi6M,Jūras balss,Aija Kukule,,1982,214,5,10,vintage
https://www.youtube.com/watch?v=pcwjK9MMikI,Viens un tas pats,Uldis Marhilevičs / Remix,,1987,408,5,10,vintage
https://www.youtube.com/watch?v=S6xJvYJQjMw,Nevajag mierināt,Igo,,1984,254,5,10,vintage
https://www.youtube.com/watch?v=rXciI9Fnln8,Dziesma par pazaudēto laiku,Eolika (disko versija),,1982,265,5,10,vintage
https://www.youtube.com/watch?v=5KNGmtkaVDM,Apvij rokas,Turaidas Roze,,1985,277,5,10,vintage
https://www.youtube.com/watch?v=uMq7hT2kVY4,Kāpēc man dziedāt svešu dziesmu,Pērkons,,1989,265,5,10,vintage
https://www.youtube.com/watch?v=d_2dcMURZyw,Straume,Ieva Akuratere / Pērkons,,1988,262,5,10,vintage
https://www.youtube.com/watch?v=25zx1oMo2Qg,Vēstule,Zodiaks,,1988,346,5,10,vintage
https://www.youtube.com/watch?v=y-xXCNwE4gA,Svētuguns,Remix,,1989,201,5,10,vintage
https://www.youtube.com/watch?v=HY5jQQdZGmY,Princesīte,6. jūdze (tolaik Klaidonis),,1988,176,5,10,vintage
https://www.youtube.com/watch?v=jWe8rd5YoHQ,Kad Saule riet,Credo,,1980,264,5,10,vintage
https://www.youtube.com/watch?v=4qPD51FQS78,Dziedi jel,Līvi,,1985,182,5,10,vintage
https://www.youtube.com/watch?v=kdnwYuUGn8I,Pavasaris,Jauns Mēness (pirmsākumi),,1989,201,5,10,vintage
https://www.youtube.com/watch?v=boWj23pOJC0,Veltījums LTV,Zodiaks,,1987,243,5,10,vintage
https://www.youtube.com/watch?v=vpobuRul0Cw,Vajag smērēt,Varavīksne,,1986,233,5,10,vintage
https://www.youtube.com/watch?v=1d5k3H5eTQI,"Labu vakar, Latvija",Čikāgas Piecīši,,1989,97,5,10,vintage
https://www.youtube.com/watch?v=x6lwT_sFC68,Klusā daba,Remix,,1986,236,5,10,vintage
https://www.youtube.com/watch?v=Mn0cGjp0dTY,Manā sirdī,Turaidas Roze,,1988,243,5,10,vintage
https://www.youtube.com/watch?v=YP_Xszj36Ww,Lidmašīnas,Prāta Vētra,,1996,283,5,10,vcr
https://www.youtube.com/watch?v=ZGQXS091_Xw,Piekūns skrien debesīs,Jauns Mēness,,1991,301,5,10,vcr
https://www.youtube.com/watch?v=ICHXg_imSHY,Alumīnija cūka,Labvēlīgais Tips,,1995,246,5,10,vcr
https://www.youtube.com/watch?v=LHmCK_Dagjw,Nāc man līdz,Linga,,1992,260,5,10,vcr
https://www.youtube.com/watch?v=iqi-d9r-xvU,Tavas mājas manā azotē,Prāta Vētra,,1996,280,5,10,vcr
https://www.youtube.com/watch?v=Lxm0nfOxyZo,Vakara vējā,Bet Bet,,1997,381,5,10,vcr
https://www.youtube.com/watch?v=cr_2mHkmxYk,Man patīk,100. Debija,,1998,229,5,10,vcr
https://www.youtube.com/watch?v=xcfl1opuml4,Kādā brīnišķā dienā,Ainars Mielavs,,1999,272,5,10,vcr
https://www.youtube.com/watch?v=lKzhPWi44EM,"Ai, jel manu vieglu prātu",Jauns Mēness,,1997,223,5,10,vcr
https://www.youtube.com/watch?v=t28tgZCS7es,Christian (I'm Gonna Be Daddy),The Hobos,,1999,168,5,10,vcr
https://www.youtube.com/watch?v=7RoKZ31GjY0,Dūdieviņš,Aigars Grāvers,,1994,223,5,10,vcr
https://www.youtube.com/watch?v=ajE_d4c7NpY,Zemenes,Apvedceļš,,1999,225,5,10,vcr
https://www.youtube.com/watch?v=7zhwi7DDyWA,Pusnakts stundā,Prāta Vētra,,1998,212,5,10,vcr
https://www.youtube.com/watch?v=_Q5P4W0mBP0,Omnibuss,Labvēlīgais Tips,,1997,227,5,10,vcr
https://www.youtube.com/watch?v=Qc4G8GZ7PLE,Divatā,100. Debija,,1995,229,5,10,vcr
https://www.youtube.com/watch?v=Wqs4EyCHrmU,Kad mēness jūrā krīt,Jauns Mēness,,1993,276,5,10,vcr
https://www.youtube.com/watch?v=DxD1iN-ENyQ,Baltā dziesma,Jumprava,,1991,283,5,10,vcr
https://www.youtube.com/watch?v=vjkHd77I_n0,Nevaru būt balts,Tranzīts,,1996,254,5,10,vcr
https://www.youtube.com/watch?v=punW4Z_oSF8,Es neesmu Džeina Fonda,Betsafe / Linga,,1992,192,5,10,vcr
https://www.youtube.com/watch?v=dRKhXgFHmHw,Pēdējais tramvajs,Jumprava,,1998,265,5,10,vcr
https://www.youtube.com/watch?v=dABT8OkeOYI,Pieklauvē,Bet Bet,,1997,233,5,10,vcr
https://www.youtube.com/watch?v=NkNmrZvQc_s,Čiekurs egles dēls,Labvēlīgais Tips,,1996,322,5,10,vcr
https://www.youtube.com/watch?v=XMoFQO71Kfw,Lecam pa vecam,Prāta Vētra,,1999,322,5,10,vcr
https://www.youtube.com/watch?v=viv4w1osUEY,Krodziņš,Linga,,1991,207,5,10,vcr
https://www.youtube.com/watch?v=b__u0LglS1Y,Pārdaugava,Pienvedēja Piedzīvojumi,,1997,338,5,10,vcr
https://www.youtube.com/watch?v=FDGPHSJxH-U,Jelgava,Pienvedēja Piedzīvojumi,,1998,241,5,10,vcr
https://www.youtube.com/watch?v=nclTXipVk-0,Džins ar toniku,Labvēlīgais Tips,,1995,262,5,10,vcr
https://www.youtube.com/watch?v=Jy8AwSCAenU,Diena,Bet Bet,,1996,239,5,10,vcr
https://www.youtube.com/watch?v=30hjs-zWPZA,Mēs sitīsim tos utainos,Labvēlīgais Tips,,1995,224,5,10,vcr
https://www.youtube.com/watch?v=Fs9TdhSDLUQ,Kāpēc man nav sarkans mersedess,Bet Bet,,1998,218,5,10,vcr
https://www.youtube.com/watch?v=cr_2mHkmxYk,Sen jau viss,100. Debija,,1994,229,5,10,vcr
https://www.youtube.com/watch?v=D9SNERUykzo,Četri krasti,Prāta Vētra,,1997,280,5,10,vcr
https://www.youtube.com/watch?v=dkv65PKzE9w,Horizonts,Jauns Mēness,,1997,219,5,10,vcr
https://www.youtube.com/watch?v=W68AxlBUDZY,Vēlreiz,100. Debija,,1996,274,5,10,vcr
https://www.youtube.com/watch?v=Z6SBRHzLyoY,Strauts,Tranzīts,,1997,216,5,10,vcr
https://www.youtube.com/watch?v=awpi2CqseEU,Septiņas dienas,Mixeri,,1997,272,5,10,vcr
https://www.youtube.com/watch?v=icD1gWsBWSM,Esi man klāt,Mixeri,,1996,208,5,10,vcr
https://www.youtube.com/watch?v=vsDJ3PCpKWs,Piedod man,Līvi,,1994,217,5,10,vcr
https://www.youtube.com/watch?v=AKBmcj63X8E,Zelta sirds,Līvi,,1997,310,5,10,vcr
https://www.youtube.com/watch?v=0axEwubR7UY,Tuvāk vēl,Aigars Grāvers,,1996,268,5,10,vcr
https://www.youtube.com/watch?v=u5p2Vq_ruOc,She Needs,The Hobos,,1999,215,5,10,vcr
https://www.youtube.com/watch?v=ZVEtlCu_5gw,Bronza,Prāta Vētra,,1997,172,5,10,vcr
https://www.youtube.com/watch?v=JTlM6wfp9q8,Tu man virsū negāzies,Labvēlīgais Tips,,1999,262,5,10,vcr
https://www.youtube.com/watch?v=H0EarRWL5AE,Putni,Tumsa,,1998,373,5,10,vcr
https://www.youtube.com/watch?v=rTodXN7nRjg,Viens,Jānis Stībelis / Shake & Bake,,1999,225,5,10,vcr
https://www.youtube.com/watch?v=eYecJ-tza5o,Peldētājs,Jumprava,,1992,277,5,10,vcr
https://www.youtube.com/watch?v=dkSPKloBY8c,Desmitais tramvajs,Labvēlīgais Tips,,1998,234,5,10,vcr
https://www.youtube.com/watch?v=mrCFzSv92hc,Ziema,Prāta Vētra,,1993,149,5,10,vcr
https://www.youtube.com/watch?v=m4E3CB7j3kU,Šeit,Linga,,1993,169,5,10,vcr
https://www.youtube.com/watch?v=HI4qREv867M,Manai dzimtenei (Jaunā versija),Cits Kvartāls / Linga,,1991,240,5,10,vcr
https://www.youtube.com/watch?v=w_4Z0TtzN7c,Neraudi,Tranzīts,,1999,203,5,10,vcr
https://www.youtube.com/watch?v=ax1Eal7NqjE,Esiet sveicināti (Mans nams),Ainars Mielavs,,1999,671,5,10,vcr
https://www.youtube.com/watch?v=wwkPuHnCdWg,Walk All Night,The Hobos,,1999,204,5,10,vcr
https://www.youtube.com/watch?v=fkGkosp-gIs,Mazā,Bet Bet,,1999,194,5,10,vcr
https://www.youtube.com/watch?v=m0BoxG_8I3o,Veronika,Prāta Vētra,,1996,200,5,10,vcr
https://www.youtube.com/watch?v=bgL-003DLRo,Es tev teicu,Pienvedēja Piedzīvojumi,,1996,161,5,10,vcr
https://www.youtube.com/watch?v=xyEHQlzq1vA,Bērni,Tumsa,,1998,113,5,10,vcr
https://www.youtube.com/watch?v=NefSF1r0Fmk,Kā man laiku apmānīt,Odis,,1990,278,5,10,vcr
https://www.youtube.com/watch?v=fCDNHZ2PWn4,Signāls,Linga,,1994,247,5,10,vcr
https://www.youtube.com/watch?v=ZfaBSwnwgXM,Šis ir mans auto,Prāta Vētra,,1996,181,5,10,vcr
https://www.youtube.com/watch?v=jRak3ABeboE,Upe,Autobuss Debesīs,,1999,360,5,10,vcr
https://www.youtube.com/watch?v=c-1OHI5e9_U,Creeping,Fact (Ozols u.c.),,1998,210,5,10,vcr
https://www.youtube.com/watch?v=bkBj-V7-a6o,Tukšums,Agnese,,1998,272,5,10,vcr
https://www.youtube.com/watch?v=6kBU-M9aYCg,Ūdens,Igo,,1998,244,5,10,vcr
https://www.youtube.com/watch?v=x2XM7JUt_OI,Cik savādi,Igo,,1997,245,5,10,vcr
https://www.youtube.com/watch?v=_9KL4OigAzs,Gailis,Līvi,,1994,255,5,10,vcr
https://www.youtube.com/watch?v=EVNVioboYfA,Lietus,Credo (atgriešanās),,1998,248,5,10,vcr
https://www.youtube.com/watch?v=2f44ecMc8LE,Pietura,Tranzīts,,1998,23,5,10,vcr
https://www.youtube.com/watch?v=S3h_O87F9qg,Es mīlu tevi (nekad nebeigšu),A-Eiropa (pirmsākumi),,1999,242,5,10,vcr
https://www.youtube.com/watch?v=uN0WwwEL81I,"Es zinu, ka mīlēšu tevi",Arnis Mednis,,1998,184,5,10,vcr
https://www.youtube.com/watch?v=W9Ose8Hgo4M,Mana mīļā meitene,Bet Bet,,1994,151,5,10,vcr
https://www.youtube.com/watch?v=d9CN11BwoeM,"Hei, mazā!",Odis,,1990,268,5,10,vcr
https://www.youtube.com/watch?v=Iw0zO9eXPig,Mīlestība ir,100. Debija,,1995,4369,5,10,vcr
https://www.youtube.com/watch?v=EP03yUVqQeQ,Atceries mani,K. Dimiters / L. Pere,,1995,262,5,10,vcr
https://www.youtube.com/watch?v=6iKfZixpZag,Saule lec,Jauns Mēness,,1993,178,5,10,vcr
https://www.youtube.com/watch?v=qzDlBAdy-vI,"O, kādi zēni",Jauns Mēness,,1997,234,5,10,vcr
https://www.youtube.com/watch?v=jZ1CWAiUaMU,Dārznieks,Prāta Vētra,,1996,255,5,10,vcr
https://www.youtube.com/watch?v=Wz18g7t3hJE,"Paldies tev, draugs",Tumsa,,1999,198,5,10,vcr
https://www.youtube.com/watch?v=tVM3IqaJOxs,Šonakt,HMP?,,1996,242,5,10,vcr
https://www.youtube.com/watch?v=PHVSKnm5CJ4,Rīts,Olga Rajecka,,1992,193,5,10,vcr
https://www.youtube.com/watch?v=EVKcc_6MEcs,Es gribu dejot (bugi vugi),Kaimiņi,,1999,230,5,10,vcr
https://www.youtube.com/watch?v=_v-UVEFxus8,Ar dievu meitenes,Labvēlīgais Tips,,1998,154,5,10,vcr
https://www.youtube.com/watch?v=QGnwdo5vyTw,Zibsnī zvaigznes (Remix),Roberts Gobziņš,,1993,233,5,10,vcr
https://www.youtube.com/watch?v=NdqvJRT4u78,Rītdiena,Otra Puse,,1996,218,5,10,vcr
https://www.youtube.com/watch?v=RJ7sH2LTwnQ,Mēness,Gunārs Kalniņš,,1999,238,5,10,vcr
https://www.youtube.com/watch?v=yJc_dT5zriw,Nakts vārdi,Otra Puse,,1992,273,5,10,vcr
https://www.youtube.com/watch?v=SvOTRpd7K_w,Lai būtu tā,Līvi (G. Virkava versija),,1995,208,5,10,vcr
https://www.youtube.com/watch?v=uuYOQJYeYjs,Dzeltenie aizkari,Dakota (agrāk),,1996,292,5,10,vcr
https://www.youtube.com/watch?v=7i8VkVTemUw,Ziemassvētki (manā sirdī),Prāta Vētra,,1993,232,5,10,vcr
https://www.youtube.com/watch?v=JSeXYkAmt1s,Nekas jau nebeidzas,R.Pauls / A.Kukule u.c.,,1991,267,5,10,vcr
https://www.youtube.com/watch?v=VRCaOg3yZrA,Nāc dejot (Roka-billi),K.D.A.K. (Keksi),,1994,253,5,10,vcr
https://www.youtube.com/watch?v=skuzDmWsZ5c,Tikai tev un man,Rīgas Deju Klubs,,1995,246,5,10,vcr
https://www.youtube.com/watch?v=CGPaJA91nZ0,Ejam tālāk,Bāze 7,,1992,296,5,10,vcr
https://www.youtube.com/watch?v=nZC9GI4to-0,Vēl un vēl,Olga Rajecka,,1995,238,5,10,vcr
https://www.youtube.com/watch?v=x5ql0qkrqZU,Baltās dūjas,Bet Bet,,1996,207,5,10,vcr
https://www.youtube.com/watch?v=EVuin4w9qaE,Tuvu tuvu,Arnis Mednis,,1996,2228,5,10,vcr
https://www.youtube.com/watch?v=BhPDzAwxmtY,Vienmēr,Huskvarn,,1995,277,5,10,vcr
https://www.youtube.com/watch?v=dYxn5BlYLNM,Lūgums (deju versija),Grundulis,,1998,339,5,10,vcr
https://www.youtube.com/watch?v=1f96DchuJmg,Melu karalis,Logo,,1999,231,5,10,vcr
https://www.youtube.com/watch?v=IUpbkX40MiQ,Brīvdiena,Rebel,,1996,2535,5,10,vcr
https://www.youtube.com/watch?v=DWpidpKhw_I,My Star / Īssavienojums,Prāta Vētra,,2000,186,5,10,vcr
https://www.youtube.com/watch?v=_M-w89U8TEU,I Wanna,Marija Naumova,,2002,191,5,10,modern
https://www.youtube.com/watch?v=vSIV2J08BPg,Sirds sadeg neparasti,Lauris Reiniks,,2002,217,5,10,modern
https://www.youtube.com/watch?v=uyu9DRb-3iI,"Spogulīt, spogulīt",Prāta Vētra,,2001,243,5,10,modern
https://www.youtube.com/watch?v=ViPi57XK3ms,Ripoja akmens,Cacao (Andris Ērglis),,2007,211,5,10,modern
https://www.youtube.com/watch?v=sFbrRd2WobI,Lietus dārzs,Tumsa,,2001,299,5,10,modern
https://www.youtube.com/watch?v=pOQ-E4Hmt1k,Daļa Rīgas,Astro'n'out,,2006,240,5,10,modern
https://www.youtube.com/watch?v=SK6NjXHciDU,Plaukstas lieluma pavasaris,Prāta Vētra,,2004,217,5,10,modern
https://www.youtube.com/watch?v=4nKMumqjDR8,Tu izvēlējies palikt,Ainars Mielavs,,2002,258,5,10,modern
https://www.youtube.com/watch?v=aHK3A3P1CiA,Dziesma par laimi,Fomins & Kleins,,2004,184,5,10,modern
https://www.youtube.com/watch?v=8ZfTQUHESnQ,Abrakadabra,Musiqq,,2009,230,5,10,modern
https://www.youtube.com/watch?v=voUGRyWa2bg,Brīvdiena,Intars Busulis,,2008,203,5,10,modern
https://www.youtube.com/watch?v=gjCuDnlrtwA,Vējš,Borowa MC,,2005,187,5,10,modern
https://www.youtube.com/watch?v=p1l5lhNKoiY,Strēlniece,Tumsa,,2004,275,5,10,modern
https://www.youtube.com/watch?v=491dd6oo6vU,Ja tikai uz mani tu paskatītos,Dons,,2008,182,5,10,modern
https://www.youtube.com/watch?v=Q5HAilNn4fs,The War Is Not Over,Valters un Kaža,,2005,191,5,10,modern
https://www.youtube.com/watch?v=0Z8yZ6aPZuw,Tikai Tev,Putnu Balle,,2005,223,5,10,modern
https://www.youtube.com/watch?v=R3N9OWgQtJg,"Kaķēns, kurš atteicās no jūrasskolas",Prāta Vētra,,2001,182,5,10,modern
https://www.youtube.com/watch?v=rSN05-BYv8k,Ir tikai tavas acis,Autobuss Debesīs,,2000,266,5,10,vcr
https://www.youtube.com/watch?v=dG8QJAM059I,Es skrienu,Lauris Reiniks,,2009,318,5,10,modern
https://www.youtube.com/watch?v=GAtkqeubRps,Četras sienas,Detlef,,2004,114,5,10,modern
https://www.youtube.com/watch?v=2sCXTHluiMo,Dzīve bez apstājas,R.A.P. un Igo,,2005,235,5,10,modern
https://www.youtube.com/watch?v=J-CmEbXH90M,Maybe,Prāta Vētra,,2001,205,5,10,modern
https://www.youtube.com/watch?v=0Z8yZ6aPZuw,Spārni un vējš,Putnu Balle,,2005,223,5,10,modern
https://www.youtube.com/watch?v=HXXa-65TIQo,Kolekcionārs,Dons,,2008,208,5,10,modern
https://www.youtube.com/watch?v=15_8Rf-RwJ4,Paldies latiņam,Labvēlīgais Tips,,2009,252,5,10,modern
https://www.youtube.com/watch?v=kplQPH6M7yc,Vēstule,Tumsa,,2004,525,5,10,modern
https://www.youtube.com/watch?v=xoTd9HB2QGM,Mazā dvēselīte,Klaidonis,,2004,232,5,10,modern
https://www.youtube.com/watch?v=zMbLBKS5e5k,Tev nebij laika,Autobuss Debesīs,,2001,185,5,10,modern
https://www.youtube.com/watch?v=DJNhQC-15IM,Colder,Prāta Vētra,,2003,229,5,10,modern
https://www.youtube.com/watch?v=zav8x8A05mo,Angel In Disguise,Musiqq,,2009,200,5,10,modern
https://www.youtube.com/watch?v=XPYOQnbVlRE,Hello From Mars,F.L.Y.,,2003,178,5,10,modern
https://www.youtube.com/watch?v=7P35oA8zN70,Es esmu mazliet dons Kihots,Tumsa,,2000,224,5,10,vcr
https://www.youtube.com/watch?v=F2en51a3h8w,Kā man būt,Jānis Stībelis,,2003,204,5,10,modern
https://www.youtube.com/watch?v=fo1LNmjJsBI,Ja Tu man esi,Dons,,2006,270,5,10,modern
https://www.youtube.com/watch?v=HP3ODkQK6zU,Brīži,Gain Fast,,2007,209,5,10,modern
https://www.youtube.com/watch?v=JeA8nH11vcw,Kur esi tu,Fomins & Kleins,,2003,253,5,10,modern
https://www.youtube.com/watch?v=XpW3pYknkq8,Eiropa mūs nesapratīs,Labvēlīgais Tips,,2001,179,5,10,modern
https://www.youtube.com/watch?v=xV_XYxJkX4c,Es gribu,Prāta Vētra,,2008,267,5,10,modern
https://www.youtube.com/watch?v=h5nvMMNwvmc,Peldētājs (Smaragdes un Pelni),The Sound Poets,,2008,216,5,10,modern
https://www.youtube.com/watch?v=nhrryd_yNcQ,Es neesmu neprātīgs,Lauris Reiniks,,2003,233,5,10,modern
https://www.youtube.com/watch?v=gQy0PJEkQhA,Wolves of the Sea,Pirates of the Sea,,2008,192,5,10,modern
https://www.youtube.com/watch?v=LHmCK_Dagjw,Nāc man līdz (Remake),Linga / G-spot DJ,,2000,260,5,10,vcr
https://www.youtube.com/watch?v=pZoEMvN0L_M,Kad Ēģiptē sniegs,Tumsa,,2002,194,5,10,modern
https://www.youtube.com/watch?v=8u7MxDCBVPY,Aizejot,The Hobos,,2002,244,5,10,modern
https://www.youtube.com/watch?v=CEDE1NS_Vxo,Rudens,Prāta Vētra,,2005,231,5,10,modern
https://www.youtube.com/watch?v=7rkTjHSv7JY,Visskaistākās ogas pasaulē,Ainars Mielavs,,2005,366,5,10,modern
https://www.youtube.com/watch?v=kzxsfeRtuXw,Tici vai nē,Kaža,,2008,261,5,10,modern
https://www.youtube.com/watch?v=HCvP1IOxrTA,Highland,Gustavo / Vladi,,2002,66,5,10,modern
https://www.youtube.com/watch?v=ZdzFWE5QUPY,"Tu kā, es kā",Z-Scars,,2003,239,5,10,modern
https://www.youtube.com/watch?v=UstNSMtqlo8,Pirmais,The Satellites,,2006,191,5,10,modern
https://www.youtube.com/watch?v=RYuZLovECcs,Uzmini nu,H2O,,2005,247,5,10,modern
https://www.youtube.com/watch?v=NsGHIfVoRBY,Ja es būtu vējš,Dons & Lily,,2004,244,5,10,modern
https://www.youtube.com/watch?v=4MflFFl4S0c,Mēs dzīvojam pasakās,Ivo Fomins,,2006,316,5,10,modern
https://www.youtube.com/watch?v=Lxm0nfOxyZo,Vakara vējā 2000,Bet Bet,,2000,381,5,10,vcr
https://www.youtube.com/watch?v=ZMOtVJrQKEE,Glāze piena,Jānis Stībelis,,2004,205,5,10,modern
https://www.youtube.com/watch?v=qoNmxMY_Dbc,Lost in Space,The Hobos,,2002,266,5,10,modern
https://www.youtube.com/watch?v=jrRf7jLATT4,Kikilis,Labvēlīgais Tips,,2002,209,5,10,modern
https://www.youtube.com/watch?v=Nro4RX5BRFk,Lai skan,Valters un Kaža,,2008,235,5,10,modern
https://www.youtube.com/watch?v=05qgBYBr3MY,Vienīgais,Putnu Balle,,2005,214,5,10,modern
https://www.youtube.com/watch?v=94hcwxAwUn8,Smaids,Gain Fast,,2008,295,5,10,modern
https://www.youtube.com/watch?v=6veOvKsAgPc,Manā pilsētā,Musiqq,,2009,215,5,10,modern
https://www.youtube.com/watch?v=F_S6fUiCp4w,Naktsmaniaki,A-Eiropa,,2006,242,5,10,modern
https://www.youtube.com/watch?v=jXrTCVE9kRQ,Viņa raud,Tumsa,,2001,226,5,10,modern
https://www.youtube.com/watch?v=DkGlkKMsSNQ,Tici sev,Nicol,,2002,271,5,10,modern
https://www.youtube.com/watch?v=pOQ-E4Hmt1k,Tā daļa Rīgas,Astro'n'out (radio versija),,2006,240,5,10,modern
https://www.youtube.com/watch?v=xbHdnZ5jIkc,Gonki,Intars Busulis,,2005,179,5,10,modern
https://www.youtube.com/watch?v=HjOjaiDIc3M,Lai burvji buras,Gunārs Kalniņš,,2003,149,5,10,modern
https://www.youtube.com/watch?v=--_uRJ1dg6k,Es gaidu ziemu,Prāta Vētra,,2005,191,5,10,modern
https://www.youtube.com/watch?v=V0Jdw_zqLEA,Divas dvēseles,Aisha,,2008,240,5,10,modern
https://www.youtube.com/watch?v=WUa-1MSgafw,Krustojums,Dzelzs Vilks,,2009,201,5,10,modern
https://www.youtube.com/watch?v=gRA7ll3alBI,Uijā uijā nikni vilki,Dzelzs Vilks,,2008,228,5,10,modern
https://www.youtube.com/watch?v=V6t6zAeSc04,Blind Actor,Detlef,,2004,156,5,10,modern
https://www.youtube.com/watch?v=V6rubHyoUzQ,Saule riet,Otra Puse,,2008,229,5,10,modern
https://www.youtube.com/watch?v=FWC93Q7z8mg,Pēc lietus,Otra Puse,,2006,264,5,10,modern
https://www.youtube.com/watch?v=CATdq_bcPPM,Vienreiz,R.A.P.,,2001,265,5,10,modern
https://www.youtube.com/watch?v=44zppojZHIw,Butterfly in a Bottle,Jana Key,,2003,31,5,10,modern
https://www.youtube.com/watch?v=F2RS22XBMkg,Zini,A-Eiropa,,2001,222,5,10,modern
https://www.youtube.com/watch?v=GtTsmnkkW0o,Jūrmala,A-Eiropa,,2000,287,5,10,vcr
https://www.youtube.com/watch?v=885hEm4Zg-0,Varbūt,Gain Fast,,2007,211,5,10,modern
https://www.youtube.com/watch?v=CFpvaeWcN8U,Tukšums,Dons,,2008,249,5,10,modern
https://www.youtube.com/watch?v=faug9vc0RDk,Tuvu tālumā,A-Eiropa,,2001,199,5,10,modern
https://www.youtube.com/watch?v=jZ1CWAiUaMU,Dārznieks (re-release),Prāta Vētra,,2001,255,5,10,modern
https://www.youtube.com/watch?v=zghnafACJyE,Questa Notte,Bonaparti.lv,,2007,182,5,10,modern
https://www.youtube.com/watch?v=yEcPUqs2BiA,Kitten Who Became A Cat,Arnis Mednis,,2001,15,5,10,modern
https://www.youtube.com/watch?v=KA2WRKn8QPA,"Draugs, nejautā",Ance Krauze,,2002,225,5,10,modern
https://www.youtube.com/watch?v=htC5plRMQEY,Tu un Es,Double Faced Eels,,2006,211,5,10,modern
https://www.youtube.com/watch?v=htC5plRMQEY,Zilais valis,Double Faced Eels,,2006,211,5,10,modern
https://www.youtube.com/watch?v=WTz5Q3BEiDs,Bēdz,Prāta Vētra,,2008,196,5,10,modern
https://www.youtube.com/watch?v=vQHhD5wEXXw,Šūpuļdziesma,Jenny May,,2005,208,5,10,modern
https://www.youtube.com/watch?v=F7a6apypIWU,Es gribu kā bērns,Intars Busulis,,2005,192,5,10,modern
https://www.youtube.com/watch?v=yJc_dT5zriw,Nakts vai rīts,4. elements,,2003,273,5,10,modern
https://www.youtube.com/watch?v=Nro4RX5BRFk,Realize,Valters un Kaža,,2005,235,5,10,modern
https://www.youtube.com/watch?v=DeN5oP8l4mc,Laid lai līst,K.I.N. (vēlāk Rīgas Modes),,2006,199,5,10,modern
https://www.youtube.com/watch?v=sjyy67GRlVQ,1000 jūdzes,Borowa MC,,2006,194,5,10,modern
https://www.youtube.com/watch?v=g9VZNFJQjN8,Ieskaties acīs,Gunārs Kalniņš,,2002,333,5,10,modern
https://www.youtube.com/watch?v=0Z8yZ6aPZuw,Vējš matos,Putnu Balle,,2005,223,5,10,modern
https://www.youtube.com/watch?v=EVuin4w9qaE,Daylight,Arnis Mednis,,2000,2228,5,10,vcr
https://www.youtube.com/watch?v=vcf0OXaLnWI,Kaut es spētu izlikties,Efeja,,2004,183,5,10,modern
https://www.youtube.com/watch?v=jguJlJ7BM9c,Disnejlenda,Hospitāļu iela,,2004,757,5,10,modern
https://www.youtube.com/watch?v=9ubgnQwsf9o,Pēdējā vēstule,Dons,,2013,221,5,10,modern
https://www.youtube.com/watch?v=HoKAPh9uRcM,Debesis iekrita Tevē,Prāta Vētra & Musiqq,,2016,245,5,10,modern
https://www.youtube.com/watch?v=qcOQhYE_D-I,Zemes stunda,ansis pied. Kristīne Pāže,,2017,186,5,10,modern
https://www.youtube.com/watch?v=6NuvgVpDS8k,Pāriet bailes,Dons,,2014,269,5,10,modern
https://www.youtube.com/watch?v=BNvyeBHRek0,Kalniem pāri,The Sound Poets,,2012,314,5,10,modern
https://www.youtube.com/watch?v=f508Q0WUwF4,Miglas rīts,Intars Busulis,,2016,260,5,10,modern
https://www.youtube.com/watch?v=FCtGqh9rOBg,Salauzta sirds,Dons & Ozols,,2018,212,5,10,modern
https://www.youtube.com/watch?v=3w0Yr8lLOn4,Limuzīns uz krīta,Citi Zēni,,2021,281,5,10,modern
https://www.youtube.com/watch?v=OraCG_uNp_I,Tavs karogs,The Sound Poets,,2013,239,5,10,modern
https://www.youtube.com/watch?v=-usdXbeGHi8,Love Injected,Aminata,,2015,197,5,10,modern
https://www.youtube.com/watch?v=hPtqabqzkU4,Nekad nekad,Carnival Youth,,2014,576,5,10,modern
https://www.youtube.com/watch?v=s8tIGXAxvW4,Sekundes,Musiqq,,2014,239,5,10,modern
https://www.youtube.com/watch?v=5_MDh8XZ-98,Sarkanbaltsarkanais,Bermudu Divstūris,,2019,194,5,10,modern
https://www.youtube.com/watch?v=vo8PheV1vzk,Raķešu zinātne,Fiņķis & Patrisha,,2023,207,5,10,modern
https://www.youtube.com/watch?v=EJxp1-b5BY4,Dievs tevi mīl,Nikolajs Puzikovs,,2010,208,5,10,modern
https://www.youtube.com/watch?v=9PKUAD51Fdw,Dejo vientulību,Intars Busulis,,2020,274,5,10,modern
https://www.youtube.com/watch?v=omNWzHAr7f8,Es nāktu mājās,Dons,,2018,178,5,10,modern
https://www.youtube.com/watch?v=8QWqOC8OU10,Lauzto šķēpu karaļvalsts,Dons,,2023,175,5,10,modern
https://www.youtube.com/watch?v=qCcAk4aXsVQ,Ave Pali,Aija Andrejeva & Otra Puse,,2011,242,5,10,modern
https://www.youtube.com/watch?v=7i8VkVTemUw,Ziemu apēst,Prāta Vētra,,2015,232,5,10,modern
https://www.youtube.com/watch?v=qZcq88wGoUk,"Tur, kur Dieva kamanas slīd",Prāta Vētra un Tautumeitas,,2021,259,5,10,modern
https://www.youtube.com/watch?v=6N6snsO3urg,Ballējam neguļam,Bermudu Divstūris,,2014,192,5,10,modern
https://www.youtube.com/watch?v=XRV2-jPqaUw,Aijā,Sudden Lights,,2023,193,5,10,modern
https://www.youtube.com/watch?v=klEMtU5ShK8,Signāls,Dons,,2012,195,5,10,modern
https://www.youtube.com/watch?v=jrN78Im24dM,Sākam no jauna,Astro'n'out,,2019,353,5,10,modern
https://www.youtube.com/watch?v=x2bT8hU2NUc,Tev piedzims bērns,Dons,,2015,162,5,10,modern
https://www.youtube.com/watch?v=L7CL8anA1hQ,Cake To Bake,Aarzemnieki,,2014,186,5,10,modern
https://www.youtube.com/watch?v=TSAqqh9ZF04,Silta sirds,Musiqq,,2015,232,5,10,modern
https://www.youtube.com/watch?v=o-2Lt7zzlBU,Heartbeat,Justs,,2016,191,5,10,modern
https://www.youtube.com/watch?v=TM0_0WfuxSk,Eat Your Salad,Citi Zēni,,2022,207,5,10,modern
https://www.youtube.com/watch?v=fTozfvlOghM,Hollow,Dons,,2024,175,5,10,modern
https://www.youtube.com/watch?v=1ySvNblh4_s,Vērtības,Mesa,,2016,216,5,10,modern
https://www.youtube.com/watch?v=bh0CqVtm3No,Māsa upe,Dons,,2013,199,5,10,modern
https://www.youtube.com/watch?v=MblgfOw267w,Pieci soļi,Prāta Vētra,,2021,260,5,10,modern
https://www.youtube.com/watch?v=QGhFRYhm3Po,Lauzīsimies,Citi Zēni & Mazais Princis,,2022,189,5,10,modern
https://www.youtube.com/watch?v=qh9DlPg99Yc,Lieka štuka,Citi Zēni,,2022,217,5,10,modern
https://www.youtube.com/watch?v=WQNaEuG772A,Piededzini mann,Singapūras Satīns,,2019,261,5,10,modern
https://www.youtube.com/watch?v=LsgO5OTUsRU,Raganu nakts,Tautumeitas,,2018,186,5,10,modern
https://www.youtube.com/watch?v=DR7c2XeY_Os,Nākamā pietura - Depo,Intars Busulis,,2017,297,5,10,modern
https://www.youtube.com/watch?v=Xp9KwjVHTAc,Pa īstam,Gacho,,2012,221,5,10,modern
https://www.youtube.com/watch?v=omtEDjUccm0,Karalienes,Prāta Vētra,,2021,232,5,10,modern
https://www.youtube.com/watch?v=UXztIWxOqEo,Ceļš uz mājām,Rassell & Sabīne Berezina,,2012,218,5,10,modern
https://www.youtube.com/watch?v=YK-nWjCYXPQ,Ogles,Prāta Vētra,,2018,243,5,10,modern
https://www.youtube.com/watch?v=YkpH49g8aDk,Multivitamīnu multipaka,Carnival Youth,,2019,284,5,10,modern
https://www.youtube.com/watch?v=MMGgOPW6OcU,Zemeņu lauks (kaverversija),The Sound Poets,,2015,247,5,10,modern
https://www.youtube.com/watch?v=ugJFE9r487E,Visa par daudz,Instrumenti,,2017,228,5,10,modern
https://www.youtube.com/watch?v=jsQyhaWxV6c,Tici sev,Astro'n'out,,2012,191,5,10,modern
https://www.youtube.com/watch?v=I_zUoqFyUOg,HES un Tu,Instrumenti,,2018,207,5,10,modern
https://www.youtube.com/watch?v=EhwitZh8H48,Vēstules no Parīzes,Carnival Youth,,2014,234,5,10,modern
https://www.youtube.com/watch?v=l9WVWbnLLiE,Dejot trakāk,Astro'n'out,,2017,186,5,10,modern
https://www.youtube.com/watch?v=jOzNTWbWauQ,Sākums,Būū,,2021,172,5,10,modern
https://www.youtube.com/watch?v=QXarYcPxbT8,Mums vajag atpakaļ,Mēnessputni,,2014,211,5,10,modern
https://www.youtube.com/watch?v=IvbXBuP4__M,Panama,Dzelzs Vilks,,2017,64,5,10,modern
https://www.youtube.com/watch?v=BuBn4j97eo4,Bambaleo,Singapūras Satīns,,2020,208,5,10,modern
https://www.youtube.com/watch?v=J3PvmptP0ek,Vienmēr kavēju,Cirks (M.Ruskis u.c.),,2013,701,5,10,modern
https://www.youtube.com/watch?v=Vxos6ceOrRA,Line,Triana Park,,2017,198,5,10,modern
https://www.youtube.com/watch?v=ELr6U2fOrnE,Still Breathing,Samanta Tīna,,2021,188,5,10,modern
https://www.youtube.com/watch?v=qZcq88wGoUk,Gada īsākā nakts,Prāta Vētra,,2010,259,5,10,modern
https://www.youtube.com/watch?v=MEorVmx3qyw,Miljonārs,Musiqq,,2011,223,5,10,modern
https://www.youtube.com/watch?v=oRWp9lQF_hw,Tu vilki nakti,Dzelzs Vilks,,2015,197,5,10,modern
https://www.youtube.com/watch?v=X3vGGphX0Z4,Apall,Gacho,,2012,233,5,10,modern
https://www.youtube.com/watch?v=T3rmjaEi5eA,Uguns,The Sound Poets,,2013,231,5,10,modern
https://www.youtube.com/watch?v=-d68nvAbNhM,Vēl,Triana Park,,2016,228,5,10,modern
https://www.youtube.com/watch?v=BseUa6gBUyE,Mēs lidosim,The Hobos & Ralfs Eilands,,2013,213,5,10,modern
https://www.youtube.com/watch?v=XSyNnltTiRc,Daudz par daudz,Patrisha,,2020,187,5,10,modern
https://www.youtube.com/watch?v=gqI9MB221kw,Funny,Justs,,2018,3695,5,10,modern
https://www.youtube.com/watch?v=jOLYIjPQBDw,Sērkociņi,Fiņķis,,2020,144,5,10,modern
https://www.youtube.com/watch?v=qaLGMm_FhVA,Laternas,Carnival Youth,,2019,195,5,10,modern
https://www.youtube.com/watch?v=dyvmv-X-_Q4,Es varu būt,Aminata,,2020,193,5,10,modern
https://www.youtube.com/watch?v=90HJEFdyuA0,Upe,Shipsea,,2014,252,5,10,modern
https://www.youtube.com/watch?v=BqXw-0Iq2BQ,Kur ir mana cilts,Būū,,2022,129,5,10,modern
https://www.youtube.com/watch?v=cEWnHrYP_UA,"Gam, gam",Tautumeitas,,2020,244,5,10,modern
https://www.youtube.com/watch?v=IrNTTNfBOEE,Augstāk par zemi,Jānis Stībelis,,2019,222,5,10,modern
https://www.youtube.com/watch?v=1ySvNblh4_s,Brīvībā,Mesa,,2017,216,5,10,modern
https://www.youtube.com/watch?v=UH4FEVvNYqw,Acis kā zvaigznes,Dabasu Durovys,,2016,97,5,10,modern
https://www.youtube.com/watch?v=dOnvvo90Vy4,Šis ir mans laiks,Aminata,,2021,162,5,10,modern
https://www.youtube.com/watch?v=wsUJG4_2YD4,Rumbas kvartets,Apvedceļš,,2014,206,5,10,modern
https://www.youtube.com/watch?v=S9YwL3KkUI0,Tava balss,Musiqq,,2018,228,5,10,modern
https://www.youtube.com/watch?v=4nJMIRheRTw,Debesis raud,Sudden Lights,,2019,228,5,10,modern
https://www.youtube.com/watch?v=iQemtUgBipE,Miera vējos,Ivo Fomins,,2020,225,5,10,modern
https://www.youtube.com/watch?v=9wPgfkEzAw4,Zemeslodes,Instrumenti & Prāta Vētra,,2014,243,5,10,modern
https://www.youtube.com/watch?v=h7-S1kALfXU,Domas,Ivo Fomins,,2021,292,5,10,modern
https://www.youtube.com/watch?v=j-X-5M3mfiM,Dzīvo brīvi,Rassell,,2011,205,5,10,modern
https://www.youtube.com/watch?v=1kLUgzIgW5I,Es eju tālāk,Aija Andrejeva,,2020,235,5,10,modern
https://www.youtube.com/watch?v=K-htQfoHAOc,Blakus,Aija Andrejeva,,2018,179,5,10,modern
https://www.youtube.com/watch?v=dABT8OkeOYI,Mēs tiksimies gultā,Bet Bet,,2013,233,5,10,modern
https://www.youtube.com/watch?v=TBgE-N3qSWw,Degošs,Lauris Reiniks,,2019,238,5,10,modern
https://www.youtube.com/watch?v=vlpfW8onFAI,Svētdienas serviss,Ozols,,2020,297,5,10,modern
https://www.youtube.com/watch?v=y6iXwO4C0zg,Tētis šoferis,Bermudu Divstūris,,2020,186,5,10,modern
https://www.youtube.com/watch?v=1dH61fFp970,Pie upes,Jānis Stībelis,,2016,235,5,10,modern
https://www.youtube.com/watch?v=MfYhPToG1aY,Laime šī,Antra Stafecka,,2016,164,5,10,modern
https://www.youtube.com/watch?v=CnCMOSqOTvI,Kāds ir tavs vārds,Detlef,,2024,225,5,10,modern
https://www.youtube.com/watch?v=nywTGXOPzhw,Vienaldzības,Agnese Rakovska,,2016,232,5,10,modern
https://www.youtube.com/watch?v=DvaTn8Qd7_A,Stronks,Singapūras Satīns,,2017,256,5,10,modern
https://www.youtube.com/watch?v=fFNvmrhGL3w,Putni bez spārniem,Ivo Fomins,,2015,248,5,10,modern
https://www.youtube.com/watch?v=GinJb52jxKQ,Pieslēdzies,Tautas balss (Elektrum),,2012,31,5,10,modern
https://www.youtube.com/watch?v=0Reu_jua7fs,Celies,Ralfs Eilands / Valters Pūce,,2015,192,5,10,modern
https://www.youtube.com/watch?v=e15VnIbYH7I,Muhtars,Sudden Lights,,2022,365,5,10,modern
https://www.youtube.com/watch?v=88ak9N5WQDw,Spēlē savā burvju flautā,Intars Busulis,,2023,217,5,10,modern
https://www.youtube.com/watch?v=6Qkk6xcSI3g,Spoguļoties,Chris Noah,,2023,631,5,10,modern
